name,country,matches,avg_yellow_per_match,avg_red_per_match,avg_goals_per_match,avg_fouls_per_match,total_yellow_cards,total_red_cards,career_games,career_yellow_cards,career_red_cards
Damaso Arcediano Monescillo,Spain,45,5.29,0.13,2.47,28.7,238,6,,1797.0,40.0
Jon Ander Gonzalez Esteban,Spain,44,4.45,0.25,2.7,24.6,196,11,,707.0,39.0
Manuel Angel Perez Hernandez,Spain,43,5.79,0.12,2.67,27.0,249,5,,268.0,5.0
Davi de Oliveira Lacerda,Brazil,42,1.57,0.07,2.52,23.0,66,3,,383.0,8.0
Carlos Muniz Munoz,Spain,42,3.67,0.14,2.52,26.7,154,6,,166.0,8.0
Andres Fuentes Molina,Spain,42,4.88,0.21,2.79,25.2,205,9,,448.0,22.0
Iosu Galech Apezteguia,Spain,42,3.45,0.17,2.33,26.9,145,7,,847.0,34.0
Miguel Sesma Espinosa,Spain,42,3.64,0.14,2.93,26.7,153,6,,273.0,10.0
Jose Luis Guzman Mansilla,Spain,41,3.63,0.1,3.0,25.1,149,4,,436.0,10.0
Alvaro Moreno Aragon,Spain,41,4.8,0.29,2.83,29.7,197,12,,1026.0,57.0
Saul Ais Reig,Spain,41,5.24,0.2,1.8,23.0,215,8,,1120.0,24.0
Eder Mallo Fernandez,Spain,41,5.51,0.07,2.34,27.7,226,3,,248.0,3.0
Daniel Palencia Caballero,Spain,41,5.32,0.34,2.59,29.0,218,14,,241.0,16.0
Sergui Claudiu Muresan,Spain,40,4.38,0.23,2.7,22.9,175,9,,187.0,9.0
Salvador Lax Franco,Spain,40,4.92,0.12,2.9,25.3,197,5,,305.0,11.0
German Cid Camacho,Spain,40,5.78,0.15,2.8,24.1,231,6,,352.0,11.0
Chris Kavanagh,England,39,2.28,0.08,2.56,21.7,89,3,,1364.0,32.0
Manuel Jesus Orellana Cid,Spain,39,5.9,0.26,2.38,26.6,230,10,,371.0,14.0
Rafael Sanchez Lopez,Spain,39,4.49,0.18,2.41,22.3,175,7,,622.0,23.0
Michael Oliver,England,38,2.18,0.03,2.82,22.0,83,1,,2269.0,50.0
Jose Antonio Sanchez Villalobos,Spain,38,5.82,0.21,2.79,26.3,221,8,,256.0,10.0
Marta Huerta de Aza,Spain,37,4.22,0.22,2.27,24.8,156,8,,225.0,11.0
Anthony Taylor,England,37,2.76,0.03,3.03,20.8,102,1,,2454.0,67.0
Raphael Claus,Brazil,35,1.63,0.09,2.71,23.8,57,3,,1637.0,56.0
Rubiel Vazquez,USA,35,0.91,0.09,2.89,23.5,32,3,,615.0,20.0
Serdar Gozubuyuk,Netherlands,35,2.2,0.03,3.29,22.8,77,1,,1734.0,48.0
Rosendo Mendoza,USA,35,0.54,0.03,3.03,27.4,19,1,,604.0,13.0
Rodrigo Jose Pereira de Lima,Brazil,35,1.29,0.03,2.43,28.6,45,1,,542.0,24.0
Danny Makkelie,Netherlands,34,1.65,0.06,3.82,22.1,56,2,,1952.0,58.0
Allen Chapman,USA,34,0.5,0.03,3.21,19.8,17,1,,1027.0,39.0
Thomas Kirk,England,33,2.91,0.03,2.55,21.3,96,1,,559.0,7.0
Victor Rivas,USA,33,1.39,0.03,3.21,23.4,46,1,,657.0,14.0
Wilton Pereira Sampaio,Brazil,33,1.94,0.03,2.27,27.8,64,1,,2001.0,52.0
Miguel Gonzalez Diaz,Spain,33,5.12,0.24,2.67,34.0,169,8,,287.0,12.0
Jon Freemon,USA,32,1.09,0.12,3.0,24.0,35,4,,481.0,8.0
Drew Fischer,Canada,32,1.44,0.03,3.25,25.2,46,1,,868.0,29.0
Guido Gonzales Jr,USA,32,0.84,0.12,3.06,24.1,27,4,,653.0,19.0
Anderson Daronco,Brazil,32,1.75,0.09,2.16,27.1,56,3,,1707.0,65.0
Mohammed Al-Hakim,Sweden,31,0.39,0.0,2.42,21.1,12,0,,1282.0,27.0
Rafael Rodrigo Klein,Brazil,31,1.35,0.13,2.16,27.6,42,4,,619.0,31.0
Filip Dujic,USA,31,0.81,0.06,3.26,25.7,25,2,,324.0,10.0
Sergiy Boyko,Ukraine,31,0.55,0.0,3.42,22.1,17,0,,945.0,33.0
François Letexier,France,30,2.23,0.1,3.07,21.8,67,3,,1344.0,64.0
Andrew Kitchen,England,30,1.6,0.07,3.23,20.2,48,2,,410.0,8.0
Matt Donohue,England,30,2.7,0.03,2.1,23.0,81,1,,1002.0,22.0
Sven Jablonski,Germany,30,2.23,0.03,2.93,21.9,67,1,,1234.0,22.0
Nick Walsh,Scotland,30,2.2,0.03,2.5,24.2,66,1,,1039.0,29.0
Bruno Arleu de Araujo,Brazil,29,2.03,0.03,2.03,28.5,59,1,,1145.0,32.0
José María Sánchez Martínez,Spain,29,2.83,0.07,2.48,27.1,82,2,,2131.0,42.0
Jesus Gil Manzano,Spain,29,2.66,0.1,3.14,23.9,77,3,,2190.0,54.0
Felix Zwayer,Germany,29,2.83,0.07,3.14,22.2,82,2,,2385.0,50.0
Farai Hallam,England,29,2.34,0.0,3.24,20.6,68,0,,244.0,1.0
Josh Smith,England,29,2.59,0.1,2.86,19.9,75,3,,739.0,18.0
Istvan Kovacs,Romania,29,3.07,0.17,2.55,24.7,89,5,,2332.0,61.0
Alejandro Hernandez,Spain,29,2.21,0.17,3.66,22.0,64,5,,1932.0,46.0
Maurizio Mariani,Italy,28,2.86,0.11,2.79,21.9,80,3,,1585.0,57.0
Chris Penso,USA,28,0.71,0.0,2.46,22.8,20,0,,1009.0,37.0
Tobias Stieler,Germany,28,2.36,0.14,2.61,21.0,66,4,,1659.0,41.0
Ricardo De Burgos Bengoetxea,Spain,28,2.04,0.11,2.71,21.9,57,3,,1623.0,43.0
Pierre-Luc Lauziere,USA,28,0.96,0.0,2.79,24.2,27,0,,382.0,6.0
Flavio Rodrigues De Souza,Brazil,28,2.0,0.07,1.96,25.6,56,2,,1125.0,35.0
Thomas Bramall,England,28,3.18,0.0,2.57,21.3,89,0,,636.0,14.0
Lewis Smith,England,28,2.5,0.04,2.04,19.6,70,1,,482.0,6.0
Lucas Paulo Torezin,Brazil,27,1.3,0.07,3.19,26.1,35,2,,352.0,12.0
Felipe Fernandes de Lima,Brazil,27,1.59,0.11,2.26,30.9,43,3,,620.0,30.0
Davide Massa,Italy,27,3.0,0.15,2.48,26.4,81,4,,1761.0,51.0
Damian Sylwestrzak,Poland,27,2.15,0.04,2.56,29.2,58,1,,889.0,15.0
David Webb,England,27,1.96,0.0,2.59,19.6,53,0,,1272.0,35.0
Paulo Cesar Zanovelli da Silva,Brazil,27,2.48,0.19,2.56,30.3,67,5,,675.0,27.0
Daniel Siebert,Germany,27,2.37,0.04,2.93,22.0,64,1,,1921.0,37.0
Horatiu Fesnic,Romania,27,2.78,0.11,3.3,29.8,75,3,,1365.0,33.0
Granit Maqedonci,Sweden,26,0.54,0.0,2.88,23.8,14,0,,688.0,16.0
Benoît Bastien,France,26,1.96,0.08,2.73,22.7,51,2,,1715.0,76.0
Urs Schnyder,Switzerland,26,2.54,0.12,3.54,25.2,66,3,,1325.0,27.0
Eric Lambrechts,Belgium,26,2.15,0.0,2.81,21.1,56,0,,1384.0,35.0
Alexis Da Silva,USA,26,1.0,0.0,2.54,25.4,26,0,,184.0,2.0
Clement Turpin,France,26,2.12,0.15,2.96,22.5,55,4,,1748.0,103.0
Samuel Barrott,England,26,2.08,0.0,2.69,19.6,54,0,,591.0,5.0
Andy Madley,England,26,2.5,0.12,3.04,23.1,65,3,,1412.0,34.0
Adam Herczeg,England,26,2.19,0.04,3.19,21.8,57,1,,417.0,7.0
Darren England,England,26,3.04,0.0,2.62,22.3,79,0,,1203.0,26.0
Marcos de Oliveira,USA,26,0.62,0.0,3.12,24.5,16,0,,544.0,7.0
Juan Martinez Munuera,Spain,26,2.77,0.12,2.46,27.5,72,3,,1592.0,42.0
Anthony Backhouse,England,26,3.31,0.0,3.08,21.8,86,0,,820.0,16.0
Alex Gomes Stefano,Brazil,26,0.65,0.0,2.46,32.8,17,0,,322.0,22.0
Gavin Ward,England,26,2.15,0.08,3.35,20.3,56,2,,1498.0,44.0
Sascha Stegemann,Germany,26,2.35,0.04,2.65,22.2,61,1,,1521.0,35.0
Marco Guida,Italy,26,1.69,0.15,2.42,23.3,44,4,,1497.0,49.0
Fredrik Klitte,Sweden,25,0.56,0.0,2.4,31.3,14,0,,889.0,13.0
Victor Wolf,Sweden,25,0.64,0.0,2.44,25.2,16,0,,795.0,13.0
Lawrence Visser,Belgium,25,2.64,0.0,3.4,23.0,66,0,,1502.0,44.0
Glenn Nyberg,Sweden,25,1.0,0.04,3.0,23.4,25,1,,1217.0,20.0
Ramon Abatti Abel,Brazil,25,1.84,0.0,2.32,30.4,46,0,,751.0,38.0
Lothar D'hondt,Belgium,25,2.4,0.0,2.56,25.3,60,0,,758.0,23.0
Stuart Attwell,England,25,2.96,0.08,3.0,21.9,74,2,,1541.0,41.0
Tom Nield,England,25,2.08,0.0,2.84,23.1,52,0,,713.0,9.0
Adam Ladeback,Sweden,25,0.44,0.0,3.2,24.7,11,0,,784.0,10.0
Stephen Martin,England,25,3.04,0.04,2.88,22.0,76,1,,797.0,7.0
Peter Bankes,England,25,2.56,0.08,2.72,21.9,64,2,,1357.0,35.0
Szymon Marciniak,Poland,24,1.38,0.04,3.08,26.6,33,1,,2400.0,55.0
Jasper Vergoote,Belgium,24,1.42,0.08,3.04,22.3,34,2,,646.0,21.0
Craig Pawson,England,24,2.25,0.08,2.96,21.7,54,2,,1751.0,43.0
César Soto Grado,Spain,24,3.17,0.08,2.75,22.9,76,2,,989.0,27.0
Matheus Delgado Candançan,Brazil,24,0.96,0.08,2.96,25.4,23,2,,382.0,20.0
Kristoffer Karlsson,Sweden,24,0.79,0.0,3.17,34.7,19,0,,1222.0,21.0
Paweł Raczkowski,Poland,24,2.0,0.12,2.88,24.2,48,3,,2144.0,47.0
Jair Antonio Maruffo,USA,24,0.42,0.04,2.75,22.1,10,1,,388.0,6.0
Halil Umut Meler,Türkiye,23,2.83,0.09,2.91,24.5,65,2,,1522.0,39.0
Richard Sundell,Sweden,23,0.35,0.0,2.91,22.0,8,0,,454.0,10.0
Adi Aganovic,Sweden,23,0.61,0.0,3.04,20.0,14,0,,423.0,11.0
Willy Delajod,France,23,1.87,0.13,2.83,22.8,43,3,,959.0,43.0
Sander van der Eijk,Netherlands,23,2.35,0.13,2.87,21.8,54,3,,627.0,27.0
John Busby,England,23,2.52,0.09,2.74,20.6,58,2,,978.0,16.0
Harm Osmers,Germany,23,2.65,0.04,2.74,20.8,61,1,,1482.0,33.0
Javier Alberola Rojas,Spain,23,2.39,0.09,3.09,25.4,55,2,,928.0,26.0
Oscar Johnson,Sweden,23,0.3,0.0,2.48,27.0,7,0,,488.0,11.0
Marco Antonio Ortiz Nava,Mexico,23,2.65,0.35,3.78,24.7,61,8,,1336.0,77.0
Oliver Langford,England,23,2.65,0.17,2.78,19.6,61,4,,1361.0,44.0
Simon Bourdeaud'hui,Belgium,22,1.55,0.09,3.09,23.1,34,2,,182.0,4.0
Simone Sozza,Italy,22,1.55,0.05,2.45,23.7,34,1,,876.0,25.0
Piotr Lasyk,Poland,22,1.86,0.09,2.59,26.6,41,2,,1034.0,17.0
Tori Penso,USA,22,1.32,0.0,2.32,21.2,29,0,,329.0,3.0
Nicolas Laforge,Belgium,22,2.73,0.09,1.95,21.0,60,2,,1441.0,59.0
Ruddy Buquet,France,22,2.41,0.05,2.86,23.5,53,1,,1809.0,71.0
Lucas Casagrande,Brazil,22,1.41,0.09,2.36,29.0,31,2,,165.0,6.0
José Luis Munuera Montero,Spain,22,2.36,0.09,2.82,26.3,52,2,,1374.0,53.0
Bram Van Driessche,Belgium,22,2.18,0.05,2.73,21.4,48,1,,1198.0,27.0
Nathan Verboomen,Belgium,22,2.36,0.05,2.41,22.9,52,1,,1057.0,40.0
Joao Pedro Pinheiro,Portugal,22,2.77,0.14,2.77,24.4,61,3,,1774.0,46.0
Luis Bestard Servera,Spain,22,5.14,0.14,3.14,25.2,113,3,,116.0,3.0
Jarred Gillett,Australia,22,2.45,0.0,2.82,19.9,54,0,,1329.0,28.0
Marian Barbu,Romania,22,3.0,0.0,3.0,23.4,66,0,,762.0,17.0
Marcel Birsan,Romania,22,2.18,0.09,2.82,24.0,48,2,,1432.0,37.0
Georgi Kabakov,Bulgaria,22,2.14,0.09,2.36,22.0,47,2,,1868.0,37.0
Allard Lindhout,Netherlands,22,1.23,0.09,2.64,19.2,27,2,,1103.0,47.0
Savio Pereira Sampaio,Brazil,21,2.33,0.05,3.29,26.5,49,1,,462.0,14.0
Luís Godinho,Portugal,21,2.71,0.0,2.57,26.1,57,0,,1800.0,49.0
Miguel Angel Ortiz Arias,Spain,21,2.33,0.05,2.67,22.9,49,1,,666.0,28.0
Joseph Dickerson,USA,21,1.14,0.1,4.24,27.3,24,2,,746.0,26.0
Fotis Bazakos,USA,21,1.38,0.05,3.48,24.7,29,1,,654.0,16.0
Alejandro Muñiz Ruiz,Spain,21,2.57,0.14,3.24,24.6,54,3,,785.0,42.0
Robert Jones,England,21,2.81,0.0,2.86,21.1,59,0,,1123.0,20.0
Damian Kos,Poland,21,2.19,0.0,2.24,26.4,46,0,,623.0,15.0
Victor Garcia Verdura,Spain,21,2.52,0.1,2.43,23.1,53,2,,483.0,14.0
Jan Boterberg,Belgium,21,2.19,0.1,2.43,21.6,46,2,,743.0,23.0
Malik Badawi,USA,21,1.1,0.0,2.95,23.2,23,0,,188.0,1.0
Gorka Etayo Herrera,Spain,21,4.9,0.14,2.43,27.8,103,3,,107.0,3.0
Bert Verbeke,Netherlands,21,1.81,0.1,2.95,21.8,38,2,,83.0,2.0
Alejandro Morilla Turrion,Spain,21,5.24,0.24,2.95,29.9,110,5,,113.0,5.0
Ruebyn Ricardo,England,21,3.38,0.05,2.48,22.0,71,1,,294.0,5.0
Cihan Aydin,Türkiye,21,2.81,0.14,2.24,27.2,59,3,,535.0,21.0
Karol Arys,Poland,21,0.95,0.05,2.52,26.6,20,1,,284.0,11.0
Steven McLean,Scotland,21,2.14,0.29,2.48,24.3,45,6,,941.0,23.0
John Beaton,Scotland,21,1.52,0.05,3.1,22.4,32,1,,1277.0,39.0
Ruben Avalos Barrera,Spain,21,5.38,0.14,1.9,,113,3,,811.0,23.0
Oliver de la Fuente Ramos,Spain,21,4.52,0.1,3.0,,95,2,,1263.0,36.0
Alejandro Quintero Gonzalez,Spain,20,3.4,0.1,2.65,25.8,68,2,,570.0,26.0
Szabolcs Kovacs,Romania,20,3.3,0.1,2.25,22.4,66,2,,272.0,4.0
Daniele Doveri,Italy,20,2.05,0.15,2.3,23.5,41,3,,1267.0,29.0
Marc Nagtegaal,Netherlands,20,1.45,0.1,3.6,21.7,29,2,,401.0,5.0
Ricardo Montero,Costa Rica,20,1.4,0.1,3.15,24.9,28,2,,181.0,7.0
Guillermo Cuadra Fernandez,Spain,20,3.05,0.15,2.95,25.4,61,3,,1257.0,31.0
Leigh Doughty,England,20,3.0,0.0,2.85,21.7,60,0,,757.0,13.0
Eric Wattellier,France,20,1.95,0.1,3.6,19.9,39,2,,649.0,30.0
Ali Yilmaz,Türkiye,20,2.4,0.0,2.35,25.4,48,0,,280.0,7.0
Alejandro Ojaos Valera,Spain,20,5.2,0.3,3.35,30.9,104,6,,109.0,6.0
Isidro Diaz de Mera Escuderos,Spain,20,3.75,0.15,2.9,24.4,75,3,,1238.0,40.0
Ricardo Fierro,USA,20,0.6,0.0,2.6,28.1,12,0,,100.0,3.0
Dean Whitestone,England,20,1.7,0.0,2.55,22.6,34,0,,1249.0,24.0
James Linington,England,20,2.5,0.05,2.6,20.3,50,1,,1357.0,33.0
Yasin Kol,Türkiye,19,3.68,0.05,2.16,26.7,70,1,,741.0,25.0
Lukasz Kuzma,Poland,19,1.79,0.0,2.79,25.8,34,0,,558.0,13.0
Lorenzo Hernandez,USA,19,1.11,0.11,3.32,25.1,21,2,,121.0,6.0
Tomasz Kwiatkowski,Poland,19,2.21,0.05,3.21,23.6,42,1,,1467.0,25.0
Adrian Cordero Vega,Spain,19,3.16,0.0,2.26,24.4,60,0,,1239.0,29.0
Jeroen Manschot,Netherlands,19,2.11,0.11,2.68,20.5,40,2,,1144.0,32.0
Michael Salisbury,England,19,2.53,0.05,3.11,22.3,48,1,,774.0,34.0
Ben Toner,England,19,2.42,0.11,2.47,23.7,46,2,,1157.0,29.0
Anastasios Papapetrou,Greece,19,2.26,0.11,2.53,29.0,43,2,,834.0,14.0
César Ramos Palazuelos,Mexico,19,2.58,0.05,3.32,24.8,49,1,,1559.0,92.0
Jérôme Brisard,France,19,2.16,0.16,2.89,23.0,41,3,,1064.0,64.0
Wojciech Myc,Poland,19,2.32,0.0,2.68,24.4,44,0,,600.0,12.0
Patryk Gryckiewicz,Poland,19,2.26,0.0,3.11,26.1,43,0,,483.0,6.0
Rares George Vidican,Romania,19,2.79,0.16,2.58,25.3,53,3,,315.0,7.0
Tim Robinson,England,19,3.32,0.16,2.16,22.3,63,3,,1626.0,33.0
Benjamin Brand,Germany,19,2.68,0.16,3.53,19.6,51,3,,947.0,23.0
Florian Badstubner,Germany,19,1.37,0.16,2.95,21.4,26,3,,1116.0,26.0
Jeremie Pignard,France,19,2.37,0.26,3.37,22.8,45,5,,793.0,33.0
Alonso De Ena Wolf,Spain,19,6.37,0.37,2.11,26.0,121,7,,123.0,7.0
David Dickinson,Scotland,19,2.89,0.21,2.68,23.3,55,4,,539.0,14.0
Radu Marian Petrescu,Romania,19,0.84,0.0,2.42,26.0,16,0,,1549.0,32.0
Lukas Fahndrich,Switzerland,18,2.0,0.11,3.39,25.9,36,2,,1313.0,25.0
Sam Allison,England,18,2.56,0.0,2.44,23.1,46,0,,549.0,6.0
Daniel Quintero Huitrón,Mexico,18,2.83,0.0,3.0,23.6,51,0,,557.0,23.0
Luca Cibelli,Switzerland,18,2.72,0.22,3.44,24.2,49,4,,770.0,23.0
Bartosz Frankowski,Poland,18,2.28,0.06,2.89,22.9,41,1,,1778.0,41.0
Tobias Welz,Germany,18,4.17,0.0,2.33,24.0,75,0,,1047.0,25.0
Andrea Colombo,Italy,18,3.39,0.0,2.94,27.9,61,0,,594.0,22.0
Elliot Bell,England,18,3.06,0.0,2.0,23.2,55,0,,323.0,5.0
Antonio Nobre,Portugal,18,2.83,0.11,2.5,27.7,51,2,,1325.0,54.0
Jaroslaw Przybyl,Poland,18,2.28,0.0,2.11,26.9,41,0,,1466.0,27.0
Donald Robertson,Scotland,18,2.0,0.0,2.39,22.7,36,0,,864.0,20.0
Armando Villarrea,USA,18,0.94,0.0,3.11,22.9,17,0,,961.0,20.0
John Brooks,England,18,2.78,0.06,2.61,22.0,50,1,,1209.0,25.0
Matthew MacDermid,Scotland,18,2.56,0.06,2.78,22.9,46,1,,394.0,8.0
Daniel Schlager,Germany,18,2.78,0.06,3.11,20.6,50,1,,1272.0,26.0
Sandro Schärer,Switzerland,18,3.0,0.06,3.11,27.7,54,1,,1563.0,33.0
Florin Andrei,Romania,18,1.5,0.0,1.83,23.6,27,0,,406.0,14.0
Simon Hooper,England,18,2.17,0.06,3.33,23.0,39,1,,1468.0,18.0
Alberto Undiano Mallenco,Spain,18,5.56,0.06,3.67,,100,1,,,
Jannick van der Laan,Netherlands,17,2.12,0.0,2.18,21.9,36,0,,410.0,10.0
Victor Alfonso Caceres Hernandez,Mexico,17,1.71,0.18,2.88,24.0,29,3,,452.0,22.0
Ismael Rosario Lopez Penuelas,Mexico,17,1.88,0.12,2.65,22.6,32,2,,406.0,21.0
Joey Kooij,Netherlands,17,1.18,0.0,2.88,20.4,20,0,,695.0,21.0
Oguzhan Cakir,Türkiye,17,2.41,0.0,2.18,29.8,41,0,,364.0,5.0
Francisco Hernandez Maeso,Spain,17,2.82,0.06,2.76,24.0,48,1,,623.0,13.0
Lorena Del Mar,Spain,17,1.65,0.0,2.18,20.6,28,0,,62.0,
Tim Ford,USA,17,0.94,0.0,3.82,23.1,16,0,,386.0,18.0
Mateo Busquets Ferrer,Spain,17,3.41,0.29,2.47,23.9,58,5,,479.0,25.0
Luis Santander,Mexico,17,2.0,0.0,3.0,28.3,34,0,,1225.0,55.0
Thomas Leonard,France,17,2.18,0.06,2.47,24.9,37,1,,1045.0,42.0
Michael Fabbri,Italy,17,3.53,0.06,1.88,24.6,60,1,,1300.0,38.0
Joao Antonio Ferreira Goncalves,Portugal,17,2.53,0.18,2.71,24.6,43,3,,740.0,24.0
Bastien Dechepy,France,17,2.76,0.06,2.35,26.0,47,1,,682.0,38.0
Paul Tierney,England,17,3.06,0.06,2.65,20.6,52,1,,1299.0,27.0
Adnan Deniz Kayatepe,Türkiye,17,2.35,0.0,2.94,28.4,40,0,,248.0,5.0
Beatriz Cuesta Arribas,Spain,17,1.71,0.0,2.71,17.2,29,0,,50.0,
Shukri Alhunfush,Saudi Arabia,17,2.41,0.06,3.18,25.6,41,1,,188.0,6.0
Elena Pelaez Arnillas,Spain,17,1.53,0.06,3.29,18.2,26,1,,57.0,2.0
Tony Harrington,England,17,1.59,0.0,2.47,20.8,27,0,,1135.0,32.0
Ismir Pekmic,USA,17,0.0,0.0,2.35,25.2,0,0,,376.0,2.0
David Fernández Borbalan,Spain,17,3.94,0.06,3.29,,67,1,,,
Johannes von Mandach,Switzerland,16,2.38,0.06,3.0,24.6,38,1,,489.0,12.0
Benoît Millot,France,16,2.38,0.06,2.94,26.5,38,1,,818.0,36.0
Mehmet Turkmen,Türkiye,16,2.25,0.12,3.06,26.1,36,2,,273.0,12.0
Melissa Lopez Osorio,Spain,16,2.62,0.0,2.12,19.7,42,0,,58.0,1.0
Anojen Kanagasingam,Switzerland,16,2.06,0.06,3.5,21.8,33,1,,423.0,8.0
Wesli De Cremer,Belgium,16,2.31,0.06,2.88,25.3,37,1,,473.0,23.0
Mohammed Khled Hoish,Saudi Arabia,16,2.88,0.0,3.31,24.9,46,0,,371.0,15.0
Maximiliano Quintero Hernandez,Mexico,16,2.94,0.06,2.56,23.1,47,1,,160.0,3.0
Fernando Hernandez,Mexico,16,1.75,0.38,2.62,26.4,28,6,,1199.0,75.0
Ainara Andrea Acevedo Dudley,Spain,16,1.94,0.0,3.25,20.8,31,0,,58.0,
Alexandros Tsakalidis,Greece,16,3.0,0.0,1.94,28.5,48,0,,328.0,3.0
Vicente Jassiel Reynoso Arce,Mexico,16,1.88,0.19,2.81,26.2,30,3,,103.0,7.0
Marc Bollengier,France,16,2.94,0.12,2.81,27.3,47,2,,391.0,13.0
Matteo Marchetti,Italy,16,2.5,0.31,2.38,23.3,40,5,,513.0,27.0
Matthias Jollenbeck,Germany,16,2.56,0.0,3.69,20.1,41,0,,943.0,20.0
Alex Bos,Netherlands,16,1.62,0.0,3.56,21.7,26,0,,359.0,10.0
Vassilis Fotias,Greece,16,3.25,0.06,2.5,27.7,52,1,,689.0,13.0
Joakim Ostling,Sweden,16,0.0,0.0,3.19,,0,0,,705.0,13.0
Fernando Teixeira,Spain,16,4.06,0.19,3.25,,65,3,,,
Dragomir Draganov,Bulgaria,15,1.2,0.07,2.33,22.8,18,1,,397.0,10.0
Christos Vergetis,Greece,15,3.4,0.07,2.27,32.1,51,1,,339.0,9.0
Volen Chinkov,Bulgaria,15,1.73,0.07,2.27,23.4,26,1,,881.0,17.0
Mathieu Vernice,France,15,3.2,0.13,2.4,27.6,48,2,,509.0,24.0
David Rafael Oliveira da Silva,Portugal,15,4.53,0.27,2.27,30.0,68,4,,673.0,24.0
Jeremy Stinat,France,15,2.2,0.13,2.73,23.5,33,2,,757.0,31.0
Marco Di Bello,Italy,15,1.47,0.0,2.53,25.4,22,0,,1348.0,50.0
Robert Hartmann,Germany,15,1.67,0.13,3.47,23.1,25,2,,1249.0,16.0
Paola Cebollada Lopez,Spain,15,2.07,0.0,2.8,18.2,31,0,,76.0,1.0
Stephanie Frappart,France,15,2.33,0.0,3.67,23.9,35,0,,1048.0,40.0
Majed Mohammed Al-Shamrani,Saudi Arabia,15,3.53,0.27,2.6,23.9,53,4,,279.0,12.0
Adonai Escobedo Gonzalez,Mexico,15,3.07,0.27,2.93,23.1,46,4,,981.0,74.0
Atilla Karaoglan,Türkiye,15,2.73,0.2,3.0,28.1,41,3,,1045.0,23.0
Claudio Filipe Ruivo Pereira,Portugal,15,2.4,0.0,1.93,28.7,36,0,,989.0,31.0
Guillaume Paradis,France,15,2.0,0.13,1.87,25.2,30,2,,498.0,22.0
Daniele Chiffi,Italy,15,1.73,0.0,2.2,22.6,26,0,,1197.0,51.0
Anastasios Sidiropoulos,Greece,15,1.8,0.27,2.27,25.0,27,4,,1868.0,50.0
Luca Zufferli,Italy,15,1.33,0.07,1.93,24.9,20,1,,392.0,14.0
Miguel Nogueira,Portugal,15,2.07,0.13,2.4,26.4,31,2,,728.0,28.0
Nico Gianforte,Switzerland,15,3.0,0.2,2.6,26.1,45,3,,442.0,14.0
Sven Wolfensberger,Switzerland,15,2.87,0.0,3.07,30.9,43,0,,657.0,9.0
Ali Sansalan,Türkiye,15,2.2,0.13,3.27,25.9,33,2,,892.0,24.0
Robin Hensgens,Netherlands,15,2.0,0.07,2.27,23.6,30,1,,339.0,12.0
Ylenia Sanchez Miguel,Spain,15,3.13,0.07,3.2,23.8,47,1,,68.0,2.0
Kadir Saglam,Türkiye,15,3.93,0.13,2.93,29.9,59,2,,743.0,18.0
Andrea Fernandez Firvida,Spain,15,2.8,0.07,2.73,17.2,42,1,,75.0,1.0
Alessandro Dudic,Switzerland,15,1.87,0.27,3.93,25.4,28,4,,895.0,24.0
Alicia Espinosa Rios,Spain,15,1.47,0.0,2.0,16.0,22,0,,50.0,
Eduardo Iturralde Gonzalez,Spain,15,4.87,0.27,3.2,,73,4,,,
Batuhan Kolak,Türkiye,14,3.57,0.07,2.57,27.7,50,1,,244.0,9.0
Ozan Ergun,Türkiye,14,2.71,0.07,3.57,25.8,38,1,,412.0,11.0
Christian Dingert,Germany,14,3.14,0.14,2.64,23.1,44,2,,1649.0,37.0
Federico La Penna,Italy,14,2.43,0.07,3.07,28.0,34,1,,1194.0,35.0
Elisabet Calvo Valentin,Spain,14,1.21,0.0,3.71,25.8,17,0,,34.0,
Katia García,Mexico,14,2.36,0.0,2.86,26.5,33,0,,193.0,4.0
Yonatan Peinado Aguirre,Mexico,14,2.57,0.29,3.21,24.6,36,4,,77.0,7.0
Maria Gloria Planes Terol,Spain,14,2.5,0.07,3.21,21.2,35,1,,52.0,1.0
Oscar Mejia Garcia,Mexico,14,2.36,0.14,2.43,27.4,33,2,,697.0,43.0
Bastian Dankert,Germany,14,2.29,0.0,3.71,18.8,32,0,,1381.0,26.0
Florian Exner,Germany,14,3.0,0.14,4.14,20.6,42,2,,728.0,19.0
Luca Piccolo,Switzerland,14,3.07,0.0,3.29,28.2,43,0,,721.0,13.0
Khaled Al Teris,Saudi Arabia,14,3.14,0.0,2.86,25.6,44,0,,336.0,11.0
Sebastian Coltescu,Romania,14,1.93,0.14,2.57,24.6,27,2,,1560.0,50.0
Ermanno Feliciani,Italy,14,1.57,0.07,3.29,23.8,22,1,,282.0,7.0
Radoslav Gidzhenov,Bulgaria,14,1.5,0.14,2.43,26.2,21,2,,672.0,18.0
Gael Angoula,France,14,2.0,0.0,3.79,20.2,28,0,,402.0,16.0
Romain Lissorgue,France,14,2.14,0.07,3.36,25.7,30,1,,676.0,25.0
Lukasz Szpala,USA,14,0.0,0.0,2.93,24.1,0,0,,461.0,15.0
César Muñiz,Spain,14,4.79,0.29,3.86,,67,4,,,
Erik Mattsson,Sweden,13,1.23,0.0,2.85,25.8,16,0,,274.0,9.0
Helder Filipe Claudio Carvalho,Portugal,13,2.38,0.08,3.23,28.7,31,1,,463.0,23.0
Robert Madley,England,13,1.46,0.0,2.0,21.0,19,0,,1117.0,32.0
Iulian Calin,Romania,13,3.0,0.0,2.54,19.8,39,0,,832.0,14.0
Fabio Jose Costa Verissimo,Portugal,13,3.38,0.0,3.08,26.5,44,0,,2101.0,71.0
Jesus Rafael Lopez Valle,Mexico,13,2.54,0.15,3.38,24.1,33,2,,273.0,15.0
Alper Akarsu,Türkiye,13,1.85,0.0,2.69,23.2,24,0,,337.0,9.0
Sergio Guelho,Portugal,13,2.15,0.0,2.77,27.2,28,0,,257.0,9.0
Matteo Marcenaro,Italy,13,2.23,0.0,2.31,24.8,29,0,,466.0,22.0
Sergii Demianchuk,USA,13,1.0,0.0,3.69,26.4,13,0,,75.0,1.0
Fotios Polychronis,Greece,13,3.62,0.0,2.62,26.3,47,0,,254.0,5.0
George Catalin Roman,Romania,13,2.31,0.08,2.92,26.5,30,1,,55.0,1.0
Guillermo Pacheco Larios,Mexico,13,1.38,0.15,2.31,22.0,18,2,,271.0,24.0
Marian Grebencharski,,13,1.77,0.0,2.92,21.2,23,0,,45.0,1.0
Hakim Ben el Salem Hadj,France,13,2.62,0.31,2.31,21.8,34,4,,1098.0,45.0
Martin Van den Kerkhof,Netherlands,13,1.46,0.08,3.46,19.5,19,1,,852.0,42.0
Duncan Nicolson,Scotland,13,2.62,0.0,2.31,24.5,34,0,,143.0,5.0
Deniz Aytekin,Germany,13,2.0,0.15,2.08,20.3,26,2,,1650.0,59.0
Jorge Abraham Camacho Peregrina,Mexico,13,2.31,0.31,2.77,23.1,30,4,,226.0,7.0
Gustavo Correia,Portugal,13,2.92,0.15,1.38,27.7,38,2,,1020.0,53.0
Nikola Popov,Bulgaria,13,1.15,0.0,2.62,23.4,15,0,,1368.0,24.0
Rob Dieperink,Netherlands,13,1.77,0.0,3.69,23.3,23,0,,550.0,21.0
James Bell,England,13,1.69,0.0,2.23,20.8,22,0,,491.0,9.0
Bas Nijhuis,Netherlands,13,0.92,0.0,3.77,20.5,12,0,,1188.0,38.0
Carlos Velasco Carballo,Spain,13,3.46,0.08,3.0,,45,1,,,
Miguel Pérez,Spain,13,5.0,0.08,2.85,,65,1,,,
Juan Luca Sacchi,Italy,12,3.08,0.0,2.42,26.0,37,0,,1112.0,33.0
Maria Eugenia Gil Soriano,Spain,12,1.25,0.08,2.75,13.8,15,1,,27.0,1.0
Georgi Ginchev,Bulgaria,12,1.42,0.17,1.58,26.9,17,2,,425.0,12.0
Helder Malheiro,Portugal,12,2.33,0.08,4.0,29.8,28,1,,1388.0,60.0
Michiel Allaerts,Belgium,12,1.92,0.17,1.92,24.1,23,2,,105.0,3.0
Bert Put,Belgium,12,2.5,0.17,2.83,23.2,30,2,,664.0,21.0
Abdullah Al-Kharbosh,Saudi Arabia,12,3.33,0.0,2.67,22.6,40,0,,146.0,4.0
Erwin Blank,Netherlands,12,1.67,0.0,3.67,23.2,20,0,,602.0,15.0
Tom Reeves,England,12,3.0,0.0,3.17,19.1,36,0,,458.0,7.0
Kevin van Damme,Belgium,12,1.67,0.0,2.5,22.8,20,0,,566.0,17.0
Viorel Nicusor Flueran,Romania,12,1.67,0.0,3.08,19.4,20,0,,191.0,8.0
Sören Storks,Germany,12,3.67,0.08,2.83,21.5,44,1,,1011.0,23.0
Patrick Ittrich,Germany,12,2.42,0.08,3.08,17.8,29,1,,1007.0,30.0
Angelos Evangelou,Greece,12,3.17,0.0,2.42,23.7,38,0,,723.0,17.0
Francesco Fourneau,Italy,12,2.67,0.0,3.0,26.0,32,0,,945.0,43.0
Dimitar Dimitrov,Bulgaria,12,2.25,0.17,1.75,24.0,27,2,,186.0,4.0
Donatas Rumsas,Lithuania,12,2.0,0.25,2.92,26.8,24,3,,668.0,16.0
Cagdas Altay,Türkiye,12,1.75,0.08,3.33,26.2,21,1,,473.0,13.0
Ross Hardie,Scotland,12,2.17,0.25,3.42,24.8,26,3,,277.0,6.0
Pawel Malec,Poland,12,2.33,0.0,3.0,22.8,28,0,,545.0,11.0
Calum Scott,Scotland,12,2.5,0.25,3.08,23.4,30,3,,269.0,10.0
Benjamin Speedie,England,12,1.75,0.08,2.17,18.6,21,1,,555.0,15.0
Luca Pairetto,Italy,12,4.25,0.33,2.08,26.8,51,4,,1382.0,54.0
Ryan Lee,Scotland,12,1.83,0.33,2.75,25.9,22,4,,114.0,5.0
Giuseppe Collu,Italy,12,1.83,0.17,1.67,22.1,22,2,,330.0,11.0
Dennis Higler,Netherlands,12,1.17,0.0,2.67,23.1,14,0,,1274.0,56.0
Turienzo,Spain,12,3.58,0.0,3.75,,43,0,,,
Bruno Jose Ribeiro Pires Costa,Portugal,11,2.91,0.0,2.45,25.5,32,0,,422.0,14.0
Kevin Bonacina,Italy,11,1.91,0.0,3.55,26.1,21,0,,322.0,13.0
Pedro Ramalho,Portugal,11,2.73,0.27,2.27,27.5,30,3,,412.0,16.0
Athanasios Tzilos,Greece,11,3.27,0.09,2.73,28.0,36,1,,661.0,10.0
Carlos Macedo,Portugal,11,1.82,0.09,3.0,26.1,20,1,,583.0,23.0
Stavros Tsimenteridis,Greece,11,3.27,0.27,2.45,30.0,36,3,,190.0,8.0
Fernando Antonio Mendes de Salles Nascimento Filho,Brazil,11,2.45,0.27,3.0,30.7,27,3,,167.0,11.0
Martin Petersen,Germany,11,3.27,0.0,3.45,21.4,36,0,,1299.0,30.0
Vasil Minev,Bulgaria,11,2.73,0.09,2.82,23.0,30,1,,110.0,4.0
Hiroyuki Kimura,Japan,11,3.27,0.0,2.45,21.9,36,0,,805.0,15.0
Tess Olofsson,Sweden,11,0.36,0.0,3.45,21.5,4,0,,306.0,3.0
Horia Gabriel Mladinovici,Romania,11,2.09,0.0,1.91,18.7,23,0,,391.0,15.0
Mirel Turkes,Switzerland,11,3.27,0.09,3.91,27.5,36,1,,399.0,5.0
Slavko Vinčić,Slovenia,11,1.73,0.0,3.0,23.3,19,0,,1555.0,36.0
Ventsislav Mitrev,Bulgaria,11,3.09,0.09,2.18,23.5,34,1,,130.0,5.0
Abdelatif Kherradji,France,11,1.27,0.18,2.36,28.4,14,2,,482.0,22.0
Tobias Reichel,Germany,11,2.55,0.09,3.09,21.3,28,1,,880.0,16.0
Georgi Dimitrov,Bulgaria,11,1.55,0.0,2.91,23.0,17,0,,514.0,14.0
Lyuboslav Lyubomirov,Bulgaria,11,2.27,0.0,2.91,22.1,25,0,,81.0,2.0
Mohammed Sami Taher Al Ismail,Saudi Arabia,11,2.55,0.09,2.82,21.5,28,1,,120.0,4.0
Kevin Clancy,Scotland,11,2.64,0.18,2.45,21.9,29,2,,1084.0,29.0
Anzhony Rodrigues,Portugal,11,2.09,0.09,3.09,26.2,23,1,,479.0,13.0
Spyridon Zampalas,Greece,11,3.82,0.0,2.82,34.6,42,0,,263.0,8.0
Michail Matsoukas,Greece,11,3.64,0.0,3.27,29.9,40,0,,143.0,4.0
Andrei Florin Chivulete,Romania,11,1.91,0.0,2.0,26.2,21,0,,1021.0,25.0
Jose Bessa,Portugal,11,4.0,0.18,2.18,27.9,44,2,,334.0,11.0
Gianluca Manganiello,Italy,11,1.91,0.0,2.45,23.8,21,0,,1196.0,52.0
Rade Obrenovič,Slovenia,11,0.82,0.0,2.64,24.7,9,0,,1098.0,20.0
Alberto Ruben Arena,Italy,11,1.64,0.0,2.0,21.5,18,0,,311.0,7.0
Carlos Delgado,Spain,11,4.27,0.18,4.09,,47,2,,,
Massimiliano Ledda,,10,2.3,0.0,2.2,25.7,23,0,,59.0,3.0
Robin Braun,Germany,10,2.6,0.0,3.4,22.1,26,0,,616.0,13.0
Karen Hernandez Andrade,Mexico,10,1.3,0.0,2.5,23.8,13,0,,62.0,4.0
Robert Schröder,Germany,10,3.6,0.2,3.2,24.6,36,2,,1043.0,22.0
George Catalin Gaman,Romania,10,2.8,0.1,2.5,27.5,28,1,,892.0,26.0
Abdullah Al-Owaidan,Saudi Arabia,10,3.2,0.2,2.6,25.4,32,2,,58.0,3.0
Marcelo de Lima Henrique,Brazil,10,1.6,0.2,3.5,26.2,16,2,,1106.0,46.0
Joaquin Alberto Vizcarra Armenta,Mexico,10,2.1,0.1,2.1,23.9,21,1,,51.0,6.0
Oguzhan Aksu,Türkiye,10,1.9,0.0,1.5,23.2,19,0,,341.0,18.0
Valentin Zhelezov,Bulgaria,10,1.9,0.2,1.8,23.9,19,2,,522.0,13.0
Faisal Suleiman Al-Balawi,Saudi Arabia,10,2.2,0.2,3.1,23.0,22,2,,267.0,11.0
Martin Velikov,Bulgaria,10,1.1,0.0,2.6,21.4,11,0,,108.0,3.0
Edward Duckworth,England,10,2.9,0.0,2.5,20.2,29,0,,408.0,10.0
Fedayi San,Switzerland,10,3.0,0.1,3.3,25.1,30,1,,1464.0,24.0
Kristiyan Kolev,Bulgaria,10,2.1,0.1,2.1,22.1,21,1,,203.0,10.0
Rosario Abisso,Italy,10,2.3,0.3,1.8,24.8,23,3,,1290.0,54.0
Ingmar Oostrom,Netherlands,10,1.8,0.0,4.1,21.8,18,0,,553.0,20.0
Wagner do Nascimento Magalhaes,Brazil,10,2.7,0.1,2.5,28.6,27,1,,1244.0,26.0
Espen Eskas,Norway,10,1.0,0.0,3.6,20.4,10,0,,1097.0,15.0
Sebastian Krasny,Poland,10,2.3,0.0,3.3,32.5,23,0,,706.0,13.0
Jefferson Ferreira de Moraes,Brazil,9,0.44,0.11,2.89,26.6,4,1,,358.0,25.0
Bruno Pereira Vasconcelos,Brazil,9,2.89,0.33,2.89,28.0,26,3,,219.0,7.0
Vasilica Iancu,Portugal,9,3.33,0.0,3.56,24.6,30,0,,811.0,32.0
Todor Nedyalkov Kirov,Bulgaria,9,2.11,0.0,2.44,20.0,19,0,,31.0,
Yigit Arslan,Türkiye,9,2.22,0.11,2.89,30.0,20,1,,555.0,24.0
Ioannis Papadopoulos,Greece,9,4.33,0.11,2.11,31.2,39,1,,820.0,18.0
Fabio Maresca,Italy,9,3.67,0.11,2.44,23.1,33,1,,1583.0,74.0
Valerio Crezzini,Italy,9,1.78,0.0,3.0,26.5,16,0,,304.0,6.0
Marcin Szczerbowicz,Poland,9,4.0,0.0,2.78,26.4,36,0,,448.0,10.0
Miguel Andre Monteiro Fonseca,Portugal,9,4.11,0.0,2.78,26.3,37,0,,238.0,5.0
Luis Carlos Mateus Filipe,Portugal,9,2.67,0.0,2.78,26.6,24,0,,121.0,6.0
Martijn Vos,Netherlands,9,2.22,0.11,2.67,22.7,20,1,,346.0,12.0
Martin Molina Astorga,Mexico,9,1.78,0.11,3.56,23.0,16,1,,62.0,6.0
Timo Gerach,Germany,9,2.56,0.11,3.22,21.2,23,1,,892.0,26.0
Nikola Dabanovic,Montenegro,9,1.56,0.0,2.67,23.3,14,0,,379.0,6.0
Olatz Rivera Olmedo,Spain,9,2.0,0.11,4.0,23.0,18,1,,46.0,1.0
Giovanni Ayroldi,Italy,9,1.67,0.0,2.33,29.9,15,0,,786.0,32.0
Irfan Peljto,Bosnia & Herzegovina,9,2.78,0.44,2.56,26.4,25,4,,476.0,12.0
Mateusz Piszczelok,Poland,9,2.78,0.0,2.56,23.7,25,0,,191.0,5.0
Ivan Kružliak,Slovakia,9,1.44,0.0,3.22,22.3,13,0,,1652.0,33.0
Ivan Antonio Lopez Sanchez,Mexico,9,1.22,0.0,2.89,29.2,11,0,,150.0,3.0
Matthew Corlett,England,9,2.89,0.11,2.67,22.6,26,1,,386.0,9.0
Sebastian Gishamer,Austria,9,1.0,0.0,4.0,20.4,9,0,,1250.0,38.0
Frank Willenborg,Germany,9,2.22,0.11,2.67,20.5,20,1,,1105.0,21.0
Joao Vitor Gobi,Brazil,8,1.5,0.0,3.25,29.5,12,0,,262.0,13.0
Raquel Suarez Gonzalez,Spain,8,2.25,0.0,3.62,20.2,18,0,,23.0,
Livio Marinelli,Italy,8,2.12,0.25,2.25,27.2,17,2,,977.0,39.0
Ismail Elfath,USA,8,2.62,0.0,3.5,21.0,21,0,,1002.0,34.0
Marijan Drmic,Croatia,8,2.38,0.38,2.62,23.0,19,3,,296.0,7.0
Koichiro Fukushima,Japan,8,2.12,0.0,3.0,24.0,17,0,,369.0,7.0
Marcio Torres,Portugal,8,2.5,0.0,2.25,25.9,20,0,,181.0,1.0
Konstantinos Katikos,Greece,8,2.75,0.38,3.62,28.6,22,3,,57.0,4.0
Masuya Ueda,Japan,8,2.62,0.0,2.38,24.5,21,0,,407.0,9.0
Luis Alfredo Garcia Rodriguez,Mexico,8,1.25,0.12,2.38,24.2,10,1,,53.0,1.0
Cristian Moldoveanu,Romania,8,1.38,0.12,1.38,24.1,11,1,,57.0,3.0
Stanimir Trenchev,Bulgaria,8,1.25,0.25,2.88,22.2,10,2,,341.0,8.0
Fareeh Al-Jaloud,Saudi Arabia,8,2.62,0.25,2.25,20.2,21,2,,38.0,2.0
Khalid Al-Ahmari,Saudi Arabia,8,2.0,0.12,3.0,23.2,16,1,,50.0,1.0
Abdullah Al-Harbi,Saudi Arabia,8,3.5,0.0,3.25,23.8,28,0,,98.0,5.0
Abdullah Al-Shehri,Saudi Arabia,8,2.38,0.0,4.12,20.9,19,0,,72.0,2.0
Desiree Grundbacher,Switzerland,8,2.62,0.0,3.25,27.0,21,0,,292.0,3.0
Ali Al-Qahtani,Saudi Arabia,8,3.12,0.0,2.75,21.4,25,0,,33.0,1.0
Omer Tolga Guldibi,Türkiye,8,3.62,0.12,2.25,29.9,29,1,,244.0,5.0
Ricardo Baixinho,Portugal,8,4.25,0.62,3.25,32.4,34,5,,688.0,33.0
Lionel Tschudi,Switzerland,8,0.88,0.0,3.38,27.0,7,0,,726.0,18.0
Miguel Ayza,Spain,8,4.62,0.0,3.25,,37,0,,,
Alfonso Perez Burrull,Spain,8,4.5,0.12,2.5,,36,1,,,
Salvador Perez Villalobos,Mexico,7,2.0,0.14,3.29,26.4,14,1,,73.0,4.0
Diogo Rosa,Portugal,7,5.29,0.0,3.0,27.9,37,0,,340.0,9.0
Martin Markov,Bulgaria,7,2.43,0.29,2.43,20.3,17,2,,42.0,3.0
Braulio Da Silva Machado,Brazil,7,2.29,0.14,2.71,24.6,16,1,,1289.0,48.0
Andre Luis Skettino Policarpo Bento,Brazil,7,5.29,0.57,1.29,31.7,37,4,,44.0,5.0
Byungjin Park,South Korea,7,3.71,0.14,1.71,32.3,26,1,,303.0,10.0
Ko Hyung-jin,South Korea,7,4.71,0.29,2.0,21.4,33,2,,646.0,19.0
Jong-Hyeok Kim,South Korea,7,3.86,0.14,2.0,21.0,27,1,,435.0,22.0
Yong-jun Shin,South Korea,7,5.14,0.0,2.86,26.3,36,0,,328.0,8.0
Alexandros Katsikogiannis,Greece,7,2.86,0.14,2.14,33.2,20,1,,454.0,10.0
Elijio Arreguin,USA,7,1.71,0.14,2.86,29.6,12,1,,33.0,2.0
Antonio Rapuano,Italy,7,2.43,0.29,2.29,25.4,17,2,,1160.0,45.0
Joakim Sars,,7,2.14,0.14,3.14,23.5,15,1,,35.0,1.0
Gero Piskov,Bulgaria,7,2.29,0.0,2.57,24.1,16,0,,36.0,2.0
Ionut Coza,Romania,7,1.43,0.0,2.43,28.0,10,0,,378.0,7.0
Georgi Stoyanov,Bulgaria,7,1.71,0.0,2.0,20.7,12,0,,24.0,
Stoyan Arsov,Bulgaria,7,2.57,0.0,1.86,21.1,18,0,,100.0,1.0
Mario Terrazas Chavez,Mexico,7,1.57,0.29,2.14,30.4,11,2,,90.0,7.0
Andre Filipe Domingues Narciso,Portugal,7,3.57,0.0,2.43,30.4,25,0,,1107.0,25.0
Will Finnie,England,7,4.29,0.0,1.57,19.8,30,0,,600.0,10.0
Meletios Gioumatzidis,Greece,7,2.0,0.0,2.0,26.8,14,0,,95.0,2.0
Andrei Moroita,Romania,7,2.0,0.29,2.71,22.0,14,2,,151.0,6.0
Ahmad Al Rumaikhani,Saudi Arabia,7,2.43,0.29,3.14,23.7,17,2,,62.0,3.0
Adrian Viorel Cojocaru,Romania,7,0.0,0.0,2.29,22.3,0,0,,1004.0,26.0
Antonio Miguel Mateu Lahoz,Spain,7,3.57,0.0,3.0,,25,0,,,
Carlos Clos Gómez,Spain,7,3.29,0.14,3.0,,23,1,,,
Rafael Ramírez Domínguez,Spain,7,4.29,0.14,3.29,,30,1,,,
Daniel Stefanski,Poland,6,5.5,0.5,1.0,27.2,33,3,,1636.0,33.0
Ramy Touchan,USA,6,1.33,0.0,3.33,30.5,8,0,,519.0,12.0
Koki Nagamine,Japan,6,3.67,0.0,1.83,22.5,22,0,,100.0,3.0
Anthony Letellier,Belgium,6,1.5,0.0,2.17,20.3,9,0,,28.0,
Ryo Tanimoto,Japan,6,2.0,0.33,3.5,18.7,12,2,,216.0,7.0
Dae-Yong Kim,South Korea,6,3.67,0.17,2.17,24.5,22,1,,477.0,9.0
Yuzo Sutani,Japan,6,2.0,0.0,2.83,22.8,12,0,,19.0,1.0
Hayato Shimizu,Japan,6,3.17,0.0,2.83,19.8,19,0,,259.0,10.0
Min-Seok Song,South Korea,6,5.67,0.0,2.0,28.8,34,0,,269.0,6.0
Jonathan Benkenstein Pinheiro,Brazil,6,3.5,0.33,2.5,30.5,21,2,,195.0,11.0
Gabriel Mihuleac,Romania,6,1.17,0.0,3.67,22.8,7,0,,24.0,1.0
Abdulsamad Bakri,Saudi Arabia,6,3.67,0.17,4.17,27.8,22,1,,104.0,3.0
Chris Graham,Scotland,6,1.0,0.0,2.17,25.7,6,0,,383.0,7.0
Ahmed Mohammed Al-Rumaikhani,Saudi Arabia,6,2.0,0.0,2.83,24.2,12,0,,54.0,
Edina Alves Batista,Brazil,6,1.5,0.0,2.67,25.0,9,0,,429.0,9.0
Koji Takasaki,Japan,6,4.17,0.0,1.83,23.2,25,0,,130.0,4.0
Richard Martens,Netherlands,6,2.33,0.0,3.33,23.3,14,0,,663.0,20.0
Rohit Saggi,Norway,6,2.0,0.0,2.83,25.5,12,0,,1049.0,18.0
Mohammed Nasser Abu Shaqara,Saudi Arabia,6,3.33,0.17,3.33,21.3,20,1,,51.0,1.0
Umit Ozturk,Türkiye,6,2.83,0.0,2.33,21.8,17,0,,1129.0,29.0
Sami Ahmed Al-Jurays,Saudi Arabia,6,2.0,0.0,2.83,19.5,12,0,,108.0,6.0
Abdullah Zarban,Saudi Arabia,6,4.33,0.0,3.0,25.8,26,0,,39.0,
Abraham de Jesus Quirarte Contreras,Mexico,6,2.83,0.5,3.67,26.5,17,3,,109.0,8.0
Marco Piccinini,Italy,6,1.33,0.33,2.67,27.0,8,2,,1068.0,40.0
Dimitrios Moschou,Greece,6,2.17,0.0,3.0,36.0,13,0,,34.0,1.0
Jacob Miles,England,6,4.17,0.33,2.33,16.3,25,2,,293.0,9.0
Zorbay Kucuk,Türkiye,6,0.0,0.0,1.0,30.8,0,0,,747.0,24.0
José Paradas,Spain,6,4.33,0.0,3.67,,26,0,,,
Denislav Stalev,Bulgaria,5,1.2,0.2,1.2,25.5,6,1,,53.0,5.0
Afro Rocha De Carvalho Filho,Brazil,5,5.2,0.2,1.6,32.0,26,1,,117.0,3.0
Yuri Elino Ferreira Da Cruz,Brazil,5,1.6,0.0,2.0,30.6,8,0,,335.0,10.0
Gurcan Hasova,Türkiye,5,6.6,0.0,2.8,31.4,33,0,,267.0,6.0
Thomas Parsons,England,5,3.8,0.0,2.6,26.0,19,0,,475.0,13.0
Koei Koya,Japan,5,2.6,0.2,3.0,23.0,13,1,,224.0,4.0
Davide Di Marco,Italy,5,2.4,0.0,2.8,21.7,12,0,,288.0,9.0
Piero Maza,Chile,5,4.2,0.2,1.8,18.8,21,1,,1177.0,46.0
Yael Falcon Perez,Argentina,5,4.6,0.0,3.4,25.2,23,0,,1113.0,29.0
Akihiko Ikeuchi,Japan,5,1.4,0.0,4.4,18.4,7,0,,505.0,14.0
Michael Pavlov,Bulgaria,5,1.8,0.2,2.2,25.8,9,1,,93.0,3.0
Marcin Kochanek,Poland,5,0.6,0.0,3.0,17.0,3,0,,281.0,3.0
Lloyd Wilson,Scotland,5,2.6,0.2,2.4,21.2,13,1,,259.0,6.0
Vlad Baban,Romania,5,1.8,0.2,3.8,21.4,9,1,,49.0,4.0
Sultan Al-Harbi,Saudi Arabia,5,0.2,0.2,3.0,21.6,1,1,,64.0,3.0
Sorin Dan Vadana,Romania,5,1.2,0.0,1.8,25.6,6,0,,65.0,1.0
Piotr Rzucidlo,Poland,5,0.2,0.0,2.8,28.0,1,0,,215.0,8.0
Elcin Masiyev,Azerbaijan,5,1.2,0.2,1.2,25.7,6,1,,104.0,3.0
Igor Pajač,Croatia,5,1.2,0.2,3.6,21.8,6,1,,812.0,5.0
Aliyar Aghayev,Azerbaijan,5,1.0,0.0,2.4,26.5,5,0,,546.0,7.0
Andris Treimanis,Latvia,5,1.0,0.2,2.4,28.0,5,1,,612.0,10.0
Srdan Jovanovic,Serbia,5,0.6,0.0,3.2,23.7,3,0,,908.0,15.0
Paride Tremolada,Italy,5,1.8,0.2,2.0,25.0,9,1,,377.0,9.0
Krasen Georgiev,Bulgaria,5,0.0,0.0,2.6,27.4,0,0,,215.0,2.0
Ignacio Iglesias Villanueva,Spain,5,4.2,0.4,3.8,,21,2,,,
José Teixeira,Spain,5,5.0,0.0,3.8,,25,0,,,
Manuel Enrique Mejuto Gonzalez,Spain,5,3.8,0.0,3.4,,19,0,,,
Antonio Rubinos Perez,Spain,5,3.4,0.0,3.4,,17,0,,,
Luis Medina Cantalejo,Spain,5,5.6,0.0,1.8,,28,0,,,
Carlos Megía Dávila,Spain,5,5.0,0.4,3.8,,25,2,,,
Lucas Canetto Bellote,Brazil,4,1.5,0.0,2.5,24.8,6,0,,124.0,4.0
Hristiyana Guteva,Bulgaria,4,2.75,0.25,1.5,24.3,11,1,,55.0,1.0
Gustavo Ervino Bauermann,Brazil,4,3.0,0.0,2.0,29.5,12,0,,230.0,3.0
Lucas Guimarães Rechatiko Horn,Brazil,4,5.25,0.5,1.75,32.2,21,2,,78.0,5.0
Resat Onur Coskunses,Türkiye,4,5.0,0.0,1.5,26.5,20,0,,209.0,8.0
Futoshi Nakamura,Japan,4,3.0,0.25,2.75,19.5,12,1,,481.0,10.0
Nabil Bensalah,,4,1.5,0.0,1.75,28.2,6,0,,24.0,1.0
Daichi Shiino,Japan,4,3.0,0.0,2.75,29.2,12,0,,23.0,1.0
Atsushi Uemura,Japan,4,1.75,0.0,3.0,20.8,7,0,,104.0,2.0
Tomasz Marciniak,Poland,4,3.75,0.0,3.5,26.0,15,0,,247.0,5.0
Andres Matonte,Uruguay,4,3.75,0.25,2.0,17.2,15,1,,1466.0,67.0
Derlis Lopez,Paraguay,4,5.0,0.25,2.25,27.7,20,1,,1084.0,45.0
Juan Gabriel Benitez,Paraguay,4,1.75,0.25,1.75,27.8,7,1,,1248.0,54.0
Andres Rojas,Colombia,4,7.0,0.25,1.25,22.8,28,1,,1482.0,56.0
Cristian Garay,Chile,4,5.0,0.5,2.75,23.2,20,2,,842.0,51.0
Carlos Betancur,Colombia,4,6.25,0.75,2.5,22.0,25,3,,1219.0,46.0
Gery Vargas,Bolivia,4,4.0,0.25,0.75,18.0,16,1,,432.0,8.0
Ovidiu Robu,Romania,4,2.0,0.0,2.25,22.0,8,0,,34.0,
Hiroki Kasahara,Japan,4,3.25,0.25,2.25,22.8,13,1,,329.0,11.0
Balazs Berke,Hungary,4,0.5,0.0,4.0,20.3,2,0,,595.0,13.0
Julian Weinberger,Austria,4,0.5,0.0,2.5,24.3,2,0,,1402.0,33.0
Grant Irvine,Scotland,4,2.75,0.0,4.25,26.2,11,0,,277.0,12.0
Nenad Minaković,Serbia,4,1.0,0.0,2.75,26.5,4,0,,530.0,14.0
Giorgi Kruashvili,Georgia,4,2.5,0.0,2.0,22.0,10,0,,225.0,5.0
Goga Kikacheishvili,Georgia,4,1.0,0.0,3.75,29.7,4,0,,130.0,1.0
Panagiotis Koukoulas,Greece,4,1.25,0.25,1.75,27.0,5,1,,92.0,2.0
Georgios Kokkinos,Greece,4,2.5,0.25,3.0,28.5,10,1,,30.0,3.0
Manfredas Lukjancukas,Lithuania,4,1.25,0.0,3.0,24.2,5,0,,594.0,13.0
Mykola Balakin,Ukraine,4,1.75,0.0,2.75,24.7,7,0,,787.0,19.0
Dan McFarlane,Scotland,4,1.5,0.25,4.0,30.8,6,1,,161.0,3.0
Mikael Lesage,France,4,4.25,0.25,2.5,,17,1,,1225.0,75.0
Zac Kennard-Kettle,England,4,3.5,0.0,3.0,,14,0,,184.0,3.0
Morten Krogh,Denmark,4,0.0,0.0,1.5,27.0,0,0,,870.0,16.0
Simon Mather,England,4,2.5,0.0,2.25,,10,0,,642.0,14.0
Zulema Gonzalez Gonzalez,Spain,4,0.0,0.0,3.0,,0,0,,14.0,2.0
Arda Kardesler,Türkiye,4,0.0,0.0,3.0,29.7,0,0,,855.0,13.0
Alejandro José Hernández Hernández,Spain,4,2.25,0.0,3.25,,9,0,,,
Mario Melero López,Spain,4,4.25,0.0,4.25,,17,0,,,
Marco Fritz,Germany,4,4.25,0.25,1.75,,17,1,,,
José Luis González González,Spain,4,3.0,0.5,3.25,,12,2,,,
Bernardino Gonzalez,Spain,4,5.0,0.5,4.0,,20,2,,,
Julian Rodriguez Santiago,Spain,4,2.75,0.25,3.75,,11,1,,,
Arturo Daudén Ibáñez,Spain,4,3.75,0.25,3.25,,15,1,,,
Wim Smet,Belgium,3,3.33,0.0,1.67,24.3,10,0,,924.0,31.0
Andrea Calzavara,Italy,3,4.33,0.0,0.67,29.5,13,0,,367.0,13.0
Dong Jun Lee,South Korea,3,5.67,0.67,2.33,30.7,17,2,,447.0,10.0
Alexis Herrera,Venezuela,3,4.33,0.0,2.67,22.0,13,0,,459.0,16.0
Guillermo Enrique Guerrero Alcivar,Ecuador,3,2.67,0.0,1.33,24.0,8,0,,1027.0,34.0
Kevin Ortega,Peru,3,5.0,0.0,2.67,26.7,15,0,,1241.0,51.0
Wilmar Roldan,Colombia,3,3.33,0.67,1.67,18.3,10,2,,2021.0,115.0
Hernan Heras,Uruguay,3,5.33,0.33,1.67,18.7,16,1,,343.0,17.0
Dario Herrera,Argentina,3,3.67,0.33,1.67,20.0,11,1,,2502.0,96.0
Jose Cabero Rebolledo,Chile,3,2.33,0.33,1.67,16.3,7,1,,682.0,41.0
Esteban Ostojich,Uruguay,3,5.0,0.0,3.0,29.0,15,0,,1972.0,78.0
Jesús Valenzuela,Venezuela,3,3.0,0.0,1.67,23.0,9,0,,621.0,13.0
Facundo Raul Tello Figueroa,Argentina,3,4.67,0.0,2.67,25.7,14,0,,1839.0,74.0
Augusto Bergelio Aragon Bautista,Ecuador,3,3.33,0.0,1.33,20.7,10,0,,1018.0,45.0
Gustavo Tejera,Uruguay,3,4.0,0.0,4.0,22.3,12,0,,1279.0,36.0
Jose Burgos,Uruguay,3,4.67,0.0,1.0,22.7,14,0,,346.0,6.0
Cheol-Jun Choi,South Korea,3,4.33,0.0,2.0,28.0,13,0,,13.0,
Robert Hennessy,Ireland,3,1.0,0.0,1.33,22.0,3,0,,209.0,10.0
Enea Jorgji,Albania,3,0.33,0.0,2.33,25.5,1,0,,238.0,10.0
Sang-Hyeop Chae,South Korea,3,5.0,0.67,1.67,23.7,15,2,,273.0,7.0
Tae-Hwan Seol,South Korea,3,4.33,0.0,2.67,23.7,13,0,,86.0,3.0
Giuseppe Mucera,Italy,3,2.33,0.33,3.0,26.0,7,1,,232.0,25.0
Omar Abdulkadir Artan,Somalia,3,2.67,0.0,4.0,17.0,8,0,,27.0,1.0
Amin Mohamed Omar,Egypt,3,1.67,0.33,2.33,18.0,5,1,,39.0,2.0
Stan Teuben,Netherlands,3,0.67,0.0,2.33,22.0,2,0,,316.0,8.0
Erdem Mertoglu,Türkiye,3,3.67,0.0,2.67,25.7,11,0,,209.0,6.0
Mohammad Al-Emara,Finland,3,2.33,0.0,4.0,18.5,7,0,,603.0,15.0
Juxhin Xhaja,Albania,3,1.67,0.0,2.67,22.0,5,0,,162.0,5.0
Alex Chilowicz,USA,3,3.67,0.0,4.0,,11,0,,687.0,15.0
Ndala Ngambo,DR Congo,3,2.67,0.0,1.33,,8,0,,54.0,
Jalal Jayed,Morocco,3,3.67,0.0,1.67,,11,0,,43.0,1.0
Pierre Ghislain Atcho,Gabon,3,4.33,0.0,2.0,,13,0,,43.0,1.0
Issa Sy,Senegal,3,5.67,0.33,2.67,,17,1,,47.0,2.0
Beida Dahane,Mauritania,3,3.33,0.0,3.0,,10,0,,70.0,3.0
Abongile Tom,South Africa,3,7.67,0.33,1.33,,23,1,,493.0,13.0
Neil Hair,England,3,2.33,0.33,2.67,,7,1,,587.0,19.0
Ross Joyce,England,3,2.67,0.0,1.67,,8,0,,1236.0,23.0
Alan Young,England,3,7.33,0.0,1.33,,22,0,,683.0,11.0
Matthew Russell,England,3,1.0,0.33,3.67,,3,1,,114.0,4.0
Orel Grinfeeld,Israel,3,0.0,0.0,1.67,28.0,0,0,,758.0,16.0
Kristo Tohver,Estonia,3,0.0,0.0,3.33,23.5,0,0,,1172.0,37.0
Matej Jug,Slovenia,3,0.0,0.0,2.0,26.7,0,0,,1661.0,43.0
Scott Oldham,England,3,2.67,0.33,2.33,,8,1,,760.0,20.0
David Rock,England,3,5.0,0.0,2.67,,15,0,,683.0,19.0
Mateusz Jenda,Poland,3,2.0,0.33,2.67,,6,1,,92.0,3.0
Jesús Gil Manzano,Spain,3,3.67,0.0,4.0,,11,0,,,
Juan Martínez Munuera,Spain,3,4.67,0.0,1.67,,14,0,,,
Felix Brych,Germany,3,3.67,0.0,2.67,,11,0,,,
Eduardo Prieto Iglesias,Spain,3,3.67,0.0,2.67,,11,0,,,
Xavier Estrada Fernández,Spain,3,3.67,0.0,2.67,,11,0,,,
Piero Giacomelli,Italy,3,1.67,0.0,3.67,,5,0,,,
Guido Winkmann,Germany,3,2.33,0.0,2.67,,7,0,,,
Saïd Ennjimi,France,3,2.67,0.0,3.0,,8,0,,,
Frank Schneider,France,3,4.33,0.33,1.33,,13,1,,,
Carmine Russo,Italy,3,2.33,0.33,4.0,,7,1,,,
Pedro Jesús Pérez Montero,Spain,3,4.33,0.0,2.67,,13,0,,,
Jérôme Miguelgorry,France,3,3.0,0.0,3.0,,9,0,,,
Johan Hamel,France,3,5.0,0.0,4.0,,15,0,,,
Antonio Damato,Italy,3,6.0,0.0,3.67,,18,0,,,
Vicente José Lizondo Cortés,Spain,3,5.0,0.0,3.33,,15,0,,,
Brandon Stevis,USA,2,2.5,0.0,4.5,34.5,5,0,,11.0,
Edwin Van de Graaf,Netherlands,2,2.5,0.5,2.5,19.0,5,1,,852.0,30.0
Razvan Neagra,Romania,2,1.0,0.0,3.0,23.0,2,0,,3.0,
Hyun Jae Choi,South Korea,2,5.0,0.0,3.0,32.5,10,0,,222.0,6.0
Takafumi Mikuriya,Japan,2,2.0,0.5,2.5,24.5,4,1,,140.0,3.0
Atsushi Kamimura,Japan,2,1.0,0.0,4.0,11.5,2,0,,,
Paulo Schleich Vollkopf,Brazil,2,4.0,0.0,0.0,27.5,8,0,,138.0,4.0
Jodis Nascimento de Souza,Brazil,2,6.5,0.0,3.5,24.0,13,0,,13.0,
Carlos P. Benitez,Paraguay,2,6.0,0.0,3.5,26.5,12,0,,1046.0,57.0
Carlos Ortega,Colombia,2,7.5,0.0,2.0,25.0,15,0,,1485.0,43.0
Jhon Alexander Ospina Londono,Colombia,2,4.5,0.5,2.0,22.5,9,1,,1297.0,65.0
Bryan Loayza,Ecuador,2,4.0,0.0,1.5,22.0,8,0,,482.0,32.0
Roberto Perez Gutierrez,Peru,2,3.5,0.0,2.0,22.5,7,0,,559.0,33.0
Fernando Andre Vejar Diaz,Chile,2,5.5,0.5,1.5,23.0,11,1,,564.0,47.0
Leandro Rey Hilfer,Argentina,2,2.0,0.0,1.0,19.0,4,0,,877.0,24.0
Augusto Menendez,Peru,2,4.0,0.0,3.0,31.5,8,0,,1015.0,63.0
Denis da Silva Ribeiro Serafim,Brazil,2,4.0,0.0,1.5,32.0,8,0,,337.0,9.0
Yusuke Ohashi,Japan,2,1.5,0.5,3.0,17.5,3,1,,44.0,3.0
Joshua Encarnacion,USA,2,2.5,0.5,2.5,34.0,5,1,,11.0,1.0
Woo-Sung Kim,South Korea,2,4.0,0.0,3.0,25.0,8,0,,441.0,12.0
Kleber Ariel Goncalves Silva,Brazil,2,4.0,0.0,2.0,31.0,8,0,,9.0,
Abdel Aziz Mohamed Bouh,Mauritania,2,2.5,0.0,3.5,,5,0,,16.0,
Kyriakos Athanasiou,Cyprus,2,3.0,0.0,1.5,33.0,6,0,,383.0,10.0
Vitalijs Spasjonnikovs,Latvia,2,2.5,0.0,1.5,,5,0,,66.0,1.0
Milos Milanovic,Serbia,2,2.5,0.0,3.0,22.0,5,0,,577.0,14.0
Daniel McFarlane,Scotland,2,4.5,0.0,2.5,25.5,9,0,,35.0,
Tamas Bognar,Hungary,2,2.5,0.0,4.0,24.0,5,0,,1112.0,25.0
Colin Steven,Scotland,2,3.5,0.0,5.5,21.5,7,0,,330.0,8.0
Luca Massimi,Italy,2,6.0,0.0,2.0,22.0,12,0,,797.0,33.0
Raed Ali Al-Zahrani,Saudi Arabia,2,5.0,0.0,1.0,28.0,10,0,,11.0,
Nicolas Ramirez,Argentina,2,5.0,0.0,2.5,22.0,10,0,,824.0,33.0
Iuliana Elena Demetrescu,Romania,2,0.5,0.0,4.5,17.0,1,0,,68.0,2.0
Omer Faruk Turtay,Türkiye,2,2.0,0.0,1.5,26.0,4,0,,250.0,8.0
Abdulsamad Ali Bakri,Saudi Arabia,2,5.0,0.0,3.0,30.5,10,0,,12.0,
Oleksiy Derevinskyi,Ukraine,2,2.0,0.0,3.5,16.0,4,0,,308.0,4.0
Kirill Levnikov,Russia,2,1.5,0.0,5.0,17.0,3,0,,1159.0,32.0
Daniel Laryea,Ghana,2,3.5,0.0,0.5,,7,0,,15.0,
Antoine Valnet,France,2,3.0,0.0,1.0,,6,0,,286.0,9.0
Mustapha Ghorbal,Algeria,2,3.5,0.0,3.5,,7,0,,84.0,3.0
Martin Coy,England,2,2.5,0.0,4.5,,5,0,,645.0,15.0
Aurelien Petit,France,2,3.5,0.0,2.5,,7,0,,821.0,52.0
Geoffrey Kubler,France,2,2.5,0.5,1.0,,5,1,,142.0,8.0
Alexandre Perreau Niel,France,2,3.5,0.0,4.5,,7,0,,758.0,42.0
Paul Howard,England,2,1.0,0.0,2.5,,2,0,,382.0,6.0
Ali Mahmood Mahmood Ismail,Sudan,2,3.5,0.0,3.0,,7,0,,38.0,1.0
Mohamed Maarouf Eid Mansour,Egypt,2,3.5,0.5,1.5,,7,1,,31.0,1.0
Abdou Abdel Mefire,Cameroon,2,6.5,0.0,3.0,,13,0,,23.0,
Peter Waweru,Kenya,2,7.0,0.0,2.5,,14,0,,20.0,
Boubou Traore,Mali,2,4.5,0.0,3.0,,9,0,,15.0,1.0
Mohamed Al Smaail,Saudi Arabia,2,2.0,0.5,1.5,21.5,4,1,,4.0,1.0
Pacifique Ndabihawenimana,Burundi,2,4.5,0.0,2.5,,9,0,,38.0,
Samuel Uwikunda,Rwanda,2,4.0,0.5,2.0,,8,1,,18.0,1.0
Ahmad Imetehaz Heeralall,Mauritius,2,1.0,0.0,1.5,,2,0,,11.0,
Aaron Farmer,England,2,6.0,0.0,2.0,,12,0,,82.0,
James Durkin,England,2,5.5,0.0,3.0,,11,0,,239.0,6.0
Stephen Parkinson,England,2,4.0,0.0,4.5,,8,0,,170.0,2.0
Carl Brook,England,2,4.0,1.0,3.0,,8,2,,609.0,12.0
Richard Eley,England,2,3.5,0.0,3.0,,7,0,,131.0,3.0
Lee Swabey,England,2,2.0,0.0,3.5,,4,0,,911.0,26.0
Oliver Yates,England,2,4.0,0.0,2.5,,8,0,,899.0,25.0
Mario Perri,Italy,2,2.0,0.5,3.0,,4,1,,329.0,5.0
Piotr Urban,Poland,2,4.0,0.0,5.0,,8,0,,331.0,5.0
Ivano Pezzuto,Italy,2,2.0,0.5,0.5,36.0,4,1,,1182.0,43.0
Sebastian Stockbridge,England,2,3.0,0.0,2.5,,6,0,,1264.0,39.0
Aaron Bannister,,2,7.0,0.5,2.5,,14,1,,169.0,5.0
Scott Jackson,England,2,2.0,0.0,3.5,,4,0,,303.0,4.0
Damian Krumplewski,Poland,2,8.0,0.0,2.5,,16,0,,113.0,4.0
Maciej Pelka,Poland,2,3.0,0.0,3.0,,6,0,,11.0,
Albert Rozycki,Poland,2,3.0,0.0,3.0,,6,0,,168.0,4.0
Karol Wójcik,Poland,2,2.0,0.0,1.5,,4,0,,8.0,
Federico Dionisi,Italy,2,0.0,0.0,4.0,28.0,0,0,,727.0,20.0
Filip Glova,Slovakia,2,0.0,0.0,2.5,22.0,0,0,,831.0,19.0
Natalie Simon,USA,2,0.0,0.0,4.5,24.5,0,0,,37.0,2.0
Piotr Szypula,Poland,2,1.0,0.0,0.5,,2,0,,64.0,1.0
Mateusz Stepniak,Poland,2,1.5,0.0,1.5,,3,0,,3.0,
Paweł Szuta,Poland,2,7.5,0.0,2.0,,15,0,,15.0,
Oliver Mackey,England,2,3.5,0.0,1.5,,7,0,,135.0,2.0
Greg Dopka,USA,2,0.0,0.0,2.0,30.5,0,0,,14.0,
Christian-Petru Ciochirca,Austria,2,0.0,0.0,2.5,,0,0,,921.0,22.0
Katja Koroleva,USA,2,0.0,0.0,2.5,21.0,0,0,,18.0,
Massimiliano Irrati,Italy,2,2.5,0.0,3.0,,5,0,,,
Paolo Silvio Mazzoleni,Italy,2,2.5,0.0,2.0,,5,0,,,
Fredy Fautrel,France,2,3.5,0.0,4.5,,7,0,,,
Gianluca Rocchi,Italy,2,2.5,0.0,1.5,,5,0,,,
Carlos del Cerro Grande,Spain,2,5.5,0.0,3.5,,11,0,,,
Alfonso Álvarez Izquierdo,Spain,2,4.0,0.0,1.5,,8,0,,,
Bartolomeu Varela Teles,France,2,4.5,0.0,2.0,,9,0,,,
Antony Gautier,France,2,3.5,0.5,2.0,,7,1,,,
Domenico Celi,Italy,2,4.5,0.0,3.0,,9,0,,,
Peter Sippel,Germany,2,1.5,0.0,3.5,,3,0,,,
Günter Perl,Germany,2,2.5,0.0,3.0,,5,0,,,
Hakim Ben El Hadj Salem,France,2,5.5,0.0,2.5,,11,0,,,
Jochen Drees,Germany,2,3.0,0.0,2.0,,6,0,,,
Puentes Leira,Spain,2,5.0,0.0,2.0,,10,0,,,
Yoshimi Yamashita,Japan,1,2.0,0.0,2.0,24.0,2,0,,109.0,2.0
Mihail Sebastian Lastun,Romania,1,5.0,0.0,5.0,16.0,5,0,,5.0,
Bruno Mota Correia,Brazil,1,3.0,0.0,2.0,41.0,3,0,,272.0,11.0
Arthur Gomes Rabelo,Brazil,1,5.0,0.0,2.0,28.0,5,0,,182.0,10.0
Alisson Sidnei Furtado,Brazil,1,7.0,0.0,3.0,30.0,7,0,,190.0,
Abdullah Bugra Taskinsoy,Türkiye,1,8.0,0.0,2.0,28.0,8,0,,304.0,14.0
Ivo Nigel Mendez Chavez,Bolivia,1,1.0,0.0,2.0,16.0,1,0,,157.0,11.0
Yender Herrera,Venezuela,1,3.0,0.0,2.0,27.0,3,0,,91.0,2.0
Jordi Espinoza,Peru,1,3.0,1.0,4.0,10.0,3,1,,546.0,31.0
Derlis Benitez,Paraguay,1,4.0,1.0,2.0,15.0,4,1,,401.0,29.0
Anthony Diaz,Ecuador,1,1.0,1.0,2.0,22.0,1,1,,318.0,14.0
Nikolay Popnikolov,Bulgaria,1,4.0,0.0,3.0,24.0,4,0,,3.0,
Thaillan Azevedo Gomes,Brazil,1,7.0,1.0,0.0,34.0,7,1,,45.0,3.0
Leo Simao Holanda,Brazil,1,5.0,0.0,3.0,15.0,5,0,,147.0,10.0
Antonio Sanchez Sanchez,Spain,1,3.0,0.0,1.0,21.0,3,0,,15.0,
Jose Mendonca da Silva Junior,Brazil,1,6.0,2.0,2.0,23.0,6,2,,135.0,10.0
Pierry Dias dos Santos,Brazil,1,9.0,0.0,4.0,34.0,9,0,,9.0,
Diego Da Costa Cidral,Brazil,1,7.0,0.0,3.0,32.0,7,0,,7.0,
Keylor Herrera Villalobos,Costa Rica,1,6.0,0.0,0.0,30.0,6,0,,100.0,2.0
Iwan Arwel Griffith,Wales,1,1.0,0.0,0.0,13.0,1,0,,12.0,
Daniel Elder,Australia,1,0.0,0.0,1.0,18.0,0,0,,499.0,16.0
Carly Shaw MacLaren,Canada,1,2.0,0.0,2.0,,2,0,,19.0,
Rustam Lutfullin,Uzbekistan,1,4.0,0.0,0.0,20.0,4,0,,142.0,1.0
Duje Strukan,Croatia,1,5.0,0.0,5.0,,5,0,,1112.0,15.0
Dumitri Muntean,Moldova,1,9.0,0.0,3.0,7.0,9,0,,25.0,
Walter Lopez,Guatemala,1,2.0,0.0,0.0,,2,0,,209.0,4.0
Shaun Evans,Australia,1,2.0,0.0,1.0,,2,0,,945.0,27.0
Ian McNabb,Northern Ireland,1,0.0,0.0,4.0,,0,0,,43.0,2.0
Abdulla Ali Al-Marri,Qatar,1,2.0,0.0,4.0,,2,0,,91.0,2.0
Lorena Del Mar Trujillano Gallardo,Spain,1,4.0,0.0,1.0,19.0,4,0,,4.0,
Maguielson Lima Barbosa,Brazil,1,3.0,0.0,0.0,41.0,3,0,,254.0,11.0
Mitja Stegemann,Germany,1,3.0,0.0,2.0,14.0,3,0,,479.0,7.0
Spiros Zabalas,Greece,1,2.0,1.0,0.0,27.0,2,1,,9.0,1.0
Asen Albayrak,Türkiye,1,6.0,0.0,4.0,26.0,6,0,,19.0,
Hajrim Qovanaj,Switzerland,1,4.0,0.0,5.0,18.0,4,0,,244.0,4.0
Jun Shin Shin,,1,9.0,0.0,2.0,28.0,9,0,,9.0,
Steven Madrigal,Costa Rica,1,2.0,0.0,4.0,17.0,2,0,,14.0,1.0
Huseyin Sanli,Switzerland,1,1.0,0.0,3.0,17.0,1,0,,240.0,6.0
Mario Escobar,Guatemala,1,6.0,0.0,2.0,19.0,6,0,,239.0,10.0
Javier Feres,Uruguay,1,9.0,0.0,1.0,26.0,9,0,,739.0,20.0
Fatih Tokail,Türkiye,1,9.0,1.0,3.0,40.0,9,1,,185.0,3.0
Maria Sole Ferrieri Caputi,Italy,1,5.0,0.0,3.0,27.0,5,0,,323.0,8.0
Yusuke Araki,Japan,1,2.0,0.0,5.0,27.0,2,0,,571.0,16.0
Iván Barton,El Salvador,1,6.0,0.0,1.0,24.0,6,0,,308.0,15.0
Ondrej Berka,Czechia,1,3.0,0.0,1.0,24.0,3,0,,1128.0,23.0
Sergey Karasev,Russia,1,2.0,0.0,5.0,10.0,2,0,,1525.0,45.0
Raquel Solano Suarez,Spain,1,4.0,0.0,2.0,,4,0,,4.0,
Andrew Humphries,England,1,6.0,0.0,5.0,,6,0,,145.0,6.0
Djindo Louis Houngnandande,Benin,1,3.0,1.0,4.0,,3,1,,7.0,1.0
Alhadi Allaou Mahamat,Chad,1,4.0,1.0,0.0,,4,1,,8.0,1.0
Mustapha Kechaf,Morocco,1,2.0,0.0,5.0,,2,0,,2.0,
Clement Franklin Kpan,Côte d'Ivoire,1,3.0,0.0,0.0,,3,0,,6.0,
Messie Jessie Oved Nkounkou,Congo Republic,1,6.0,0.0,1.0,,6,0,,6.0,
Mehrez Melki,Tunisia,1,4.0,0.0,5.0,,4,0,,4.0,
Lahlou Benbraham,Algeria,1,1.0,0.0,2.0,,1,0,,14.0,3.0
Shamirah Nabadda,Uganda,1,4.0,0.0,1.0,,4,0,,4.0,
Patrice Tanguy Mebiame,Gabon,1,3.0,0.0,4.0,,3,0,,11.0,
Ahmed Taleb,France,1,7.0,1.0,1.0,,7,1,,160.0,8.0
Pierre Legat,France,1,4.0,1.0,3.0,,4,1,,342.0,23.0
Pierre Gaillouste,France,1,4.0,0.0,8.0,,4,0,,642.0,47.0
Karim Abed,France,1,2.0,0.0,2.0,,2,0,,627.0,26.0
Mickael Leleu,France,1,6.0,0.0,6.0,,6,0,,241.0,9.0
Tifenn Leprodhomme,France,1,5.0,0.0,1.0,,5,0,,52.0,2.0
Arnaud Baert,France,1,3.0,0.0,0.0,,3,0,,267.0,14.0
Florent Batta,France,1,6.0,0.0,3.0,,6,0,,983.0,37.0
Eddy Rosier,France,1,1.0,0.0,4.0,,1,0,,111.0,7.0
Remi Landry,France,1,3.0,0.0,7.0,,3,0,,549.0,18.0
Faouzi Benchabane,France,1,5.0,0.0,3.0,,5,0,,477.0,20.0
Samir Zolota,France,1,0.0,0.0,3.0,,0,0,,,
Benjamin Lepaysant,France,1,3.0,0.0,3.0,,3,0,,488.0,29.0
Brendan Roffet,France,1,0.0,1.0,4.0,,0,1,,73.0,3.0
David Roome,Scotland,1,4.0,0.0,1.0,31.0,4,0,,4.0,
James Oldham,England,1,5.0,0.0,2.0,,5,0,,425.0,14.0
Charles Breakspear,England,1,3.0,0.0,8.0,,3,0,,1394.0,42.0
Jose Maria Sanchez Santos,Spain,1,5.0,0.0,5.0,,5,0,,5.0,
Petar Mitrev,Bulgaria,1,5.0,0.0,4.0,23.0,5,0,,5.0,
Ionela Alina Pesu,Romania,1,0.0,0.0,2.0,27.0,0,0,,60.0,
Direnc Tonusluoglu,Türkiye,1,0.0,0.0,3.0,28.0,0,0,,476.0,17.0
Andre Luiz Skettino Policarpo Bento,Brazil,1,0.0,0.0,2.0,40.0,0,0,,329.0,11.0
Ben Atkinson,England,1,4.0,0.0,4.0,,4,0,,324.0,7.0
Ross Martin,England,1,3.0,0.0,2.0,,3,0,,78.0,2.0
Andrew Miller,England,1,2.0,0.0,2.0,,2,0,,66.0,4.0
Steven Copeland,England,1,8.0,0.0,2.0,,8,0,,98.0,3.0
Martin Woods,England,1,5.0,1.0,2.0,,5,1,,397.0,14.0
Isaac Searle,England,1,5.0,0.0,3.0,,5,0,,89.0,1.0
William Davis,England,1,7.0,0.0,2.0,,7,0,,53.0,
Jamie O'Connor,England,1,5.0,1.0,4.0,,5,1,,65.0,4.0
Robert Massey-Ellis,England,1,4.0,0.0,1.0,,4,0,,96.0,1.0
Wayne Cartmel,,1,2.0,0.0,5.0,,2,0,,47.0,
Sam Mulhall,England,1,8.0,1.0,3.0,,8,1,,130.0,4.0
Peter Wright,England,1,4.0,0.0,4.0,,4,0,,501.0,14.0
Declan Brown,England,1,4.0,0.0,6.0,,4,0,,77.0,4.0
Abigail Byrne,England,1,6.0,0.0,5.0,,6,0,,150.0,4.0
Michael Barlow,England,1,4.0,0.0,5.0,,4,0,,86.0,2.0
Elliott Swallow,England,1,7.0,1.0,3.0,,7,1,,99.0,4.0
Jorge Tarraga Lajara,Spain,1,5.0,0.0,2.0,,5,0,,5.0,
Alejandro Clemente Ortuno,Spain,1,2.0,0.0,2.0,,2,0,,2.0,
Daniel Miranda Bolano,Spain,1,6.0,0.0,0.0,,6,0,,6.0,
Alfredo Ramo Andres,Spain,1,9.0,0.0,4.0,,9,0,,9.0,
Marcelo Ibanez Juarez,Spain,1,8.0,0.0,2.0,,8,0,,8.0,
Alvaro Rodriguez Recio,Spain,1,5.0,0.0,4.0,,5,0,,5.0,
Felix Bickel,Germany,1,2.0,0.0,4.0,,2,0,,212.0,3.0
Manuel Pozueta Rodriguez,Spain,1,9.0,0.0,2.0,,9,0,,16.0,
Federico Javier Saiz de Villares,Spain,1,12.0,0.0,2.0,,12,0,,12.0,
Manuel Garcia Gomez,Spain,1,3.0,0.0,1.0,,3,0,,3.0,
Nestor Holgueras Castellanos,Spain,1,4.0,0.0,3.0,,4,0,,4.0,
David Lopez Jimenez,Spain,1,3.0,0.0,4.0,,3,0,,16.0,1.0
Guillermo Conejero Sanchez,Spain,1,1.0,0.0,3.0,,1,0,,23.0,
Francisco Jose Ortega Herrera,Spain,1,11.0,0.0,2.0,,11,0,,23.0,
Pol Arenas Mora,Spain,1,10.0,1.0,2.0,,10,1,,10.0,1.0
Marc Philip Eckermann,Germany,1,11.0,0.0,1.0,,11,0,,304.0,2.0
Alvaro Canovas Garcia Villarubia,Spain,1,4.0,0.0,2.0,,4,0,,4.0,
Patrick Schwengers,Germany,1,3.0,0.0,3.0,,3,0,,425.0,2.0
Szymon Rutkowski,Poland,1,2.0,0.0,3.0,,2,0,,2.0,
Ruben Ruiperez Marin,Spain,1,2.0,0.0,4.0,,2,0,,159.0,3.0
Alexandre Aleman Perez,Spain,1,4.0,1.0,5.0,,4,1,,10.0,2.0
Luis Enrique Morona Del Campo,Spain,1,6.0,1.0,3.0,,6,1,,7.0,1.0
Guillermo Cueto Amigo,Spain,1,7.0,0.0,0.0,,7,0,,7.0,
Tom Bauer,Germany,1,3.0,1.0,3.0,,3,1,,457.0,13.0
Pawel Horozaniecki,Poland,1,4.0,0.0,7.0,,4,0,,78.0,2.0
Jakob Kehlet,Denmark,1,0.0,0.0,1.0,26.0,0,0,,1247.0,26.0
Robert Constantin Avram,Romania,1,0.0,0.0,3.0,25.0,0,0,,43.0,
Todor Vukov,Bulgaria,1,0.0,0.0,4.0,25.0,0,0,,6.0,
Murilo Ugolini Klein,Brazil,1,0.0,0.0,3.0,22.0,0,0,,15.0,
Rafal Szydelko,Poland,1,5.0,0.0,3.0,,5,0,,15.0,1.0
Valentin Stanchev,Bulgaria,1,0.0,0.0,1.0,22.0,0,0,,53.0,1.0
Daniele Perenzoni,Italy,1,0.0,0.0,4.0,27.0,0,0,,332.0,16.0
Niccolo Turrini,Italy,1,3.0,0.0,3.0,,3,0,,260.0,7.0
Tomasz Wajda,Poland,1,6.0,0.0,2.0,,6,0,,744.0,22.0
Pawel Wrzeszczynski,Poland,1,1.0,0.0,2.0,,1,0,,5.0,
Mateusz Mastaj,Poland,1,2.0,0.0,3.0,,2,0,,2.0,
Patryk Swierczek,Poland,1,5.0,0.0,1.0,,5,0,,21.0,
Jacek Malyszek,Poland,1,2.0,0.0,1.0,,2,0,,485.0,13.0
Kajetan Kasprzyk,Poland,1,4.0,0.0,4.0,,4,0,,4.0,
Andrea Zanotti,Italy,1,1.0,0.0,3.0,,1,0,,272.0,6.0
Piotr Pazdecki,Poland,1,4.0,0.0,1.0,,4,0,,12.0,1.0
Maciej Wegrzyk,Poland,1,1.0,0.0,4.0,,1,0,,1.0,
Szymon Lezny,Poland,1,4.0,0.0,2.0,,4,0,,113.0,
Georgi Minev,Bulgaria,1,0.0,0.0,1.0,23.0,0,0,,3.0,1.0
Giovanni Baccini,Italy,1,0.0,0.0,3.0,35.0,0,0,,8.0,
Lukasz Karski,Poland,1,0.0,0.0,4.0,,0,0,,252.0,2.0
Alireza Faghani,Australia,1,0.0,0.0,6.0,27.0,0,0,,948.0,15.0
Richard Hempel,Germany,1,4.0,0.0,1.0,,4,0,,423.0,10.0
Assad Nouhoum,Germany,1,5.0,0.0,2.0,,5,0,,313.0,2.0
Cristian Ballweg,Germany,1,3.0,0.0,7.0,,3,0,,368.0,1.0
Fabienne Michel,Germany,1,5.0,0.0,5.0,,5,0,,362.0,4.0
Max Burda,Germany,1,4.0,0.0,0.0,,4,0,,837.0,13.0
Lars Erbst,Germany,1,1.0,0.0,5.0,,1,0,,389.0,10.0
Felix Weller,Germany,1,2.0,1.0,2.0,,2,1,,285.0,11.0
Robert Kampka,Germany,1,6.0,0.0,5.0,,6,0,,1493.0,23.0
Leonidas Exuzidis,Germany,1,4.0,0.0,3.0,,4,0,,270.0,6.0
Florian Lechner,Germany,1,6.0,0.0,2.0,,6,0,,694.0,13.0
Felix Prigan,Germany,1,7.0,0.0,1.0,,7,0,,310.0,4.0
Eric-Dominic Weisbach,Germany,1,4.0,0.0,0.0,,4,0,,307.0,6.0
Nico Fuchs,Germany,1,4.0,0.0,9.0,,4,0,,354.0,8.0
Wolfgang Haslberger,Germany,1,3.0,0.0,4.0,,3,0,,725.0,19.0
Patrick Alt,Germany,1,10.0,0.0,6.0,,10,0,,1228.0,25.0
Lukas Benen,Germany,1,2.0,1.0,5.0,,2,1,,540.0,14.0
Timo Gansloweit,Germany,1,7.0,0.0,2.0,,7,0,,362.0,4.0
Felix Wagner,Germany,1,8.0,2.0,2.0,,8,2,,188.0,5.0
Jarno Wienefeld,Germany,1,4.0,0.0,5.0,,4,0,,260.0,5.0
Michael Bacher,Germany,1,5.0,1.0,4.0,,5,1,,1030.0,17.0
Craig Hicks,England,1,0.0,0.0,4.0,,0,0,,722.0,12.0
Dawid Wisniewski,Poland,1,0.0,0.0,3.0,,0,0,,,
Blazej Syropiatko,Poland,1,2.0,0.0,2.0,,2,0,,2.0,
Aleksander Koziel,Poland,1,0.0,1.0,8.0,,0,1,,8.0,1.0
Sylwester Rasmus,Poland,1,0.0,0.0,3.0,,0,0,,267.0,3.0
Simovic Novak,Serbia,1,0.0,0.0,3.0,,0,0,,750.0,21.0
Chrysovalantis Theouli,Cyprus,1,0.0,0.0,5.0,,0,0,,688.0,13.0
Patrik Kolarić,Croatia,1,0.0,0.0,3.0,,0,0,,459.0,6.0
Darren Drysdale,England,1,3.0,0.0,4.0,,3,0,,1180.0,31.0
Jacob A. Sundberg,Denmark,1,0.0,0.0,3.0,,0,0,,550.0,13.0
Eldorjan Hamiti,Albania,1,0.0,0.0,1.0,,0,0,,83.0,1.0
Philip Farrugia,Malta,1,0.0,0.0,4.0,,0,0,,72.0,
Ante Culina,Croatia,1,0.0,0.0,3.0,,0,0,,393.0,19.0
Martin Matoša,Slovenia,1,0.0,0.0,2.0,,0,0,,282.0,3.0
Henrik Nalbandyan,Armenia,1,0.0,0.0,3.0,,0,0,,97.0,2.0
Ivar Orri Kristjansson,Iceland,1,0.0,0.0,4.0,,0,0,,427.0,10.0
Mohammad Usman Aslam,Norway,1,0.0,0.0,0.0,,0,0,,676.0,15.0
Alyssa Pennington,USA,1,0.0,0.0,1.0,28.0,0,0,,10.0,
Visar Kastrati,Kosovo,1,0.0,0.0,3.0,,0,0,,120.0,
Ishmael Barbara,Malta,1,0.0,0.0,3.0,,0,0,,64.0,2.0
Sayat Karabaev,Kazakhstan,1,0.0,0.0,2.0,,0,0,,42.0,1.0
Viktor Kopievskiy,Ukraine,1,0.0,0.0,5.0,,0,0,,535.0,9.0
Mihaly Kapraly,Hungary,1,0.0,0.0,0.0,,0,0,,245.0,4.0
Ben McMaster,Northern Ireland,1,0.0,0.0,1.0,,0,0,,31.0,
Dalibor Cerny,Czechia,1,0.0,0.0,1.0,,0,0,,629.0,16.0
Bence Csonka,Hungary,1,0.0,0.0,1.0,,0,0,,245.0,6.0
Ladislav Szikszay,Czechia,1,0.0,0.0,0.0,,0,0,,444.0,19.0
Pavle Ilic,Serbia,1,0.0,0.0,0.0,,0,0,,261.0,7.0
Dario Bel,Croatia,1,0.0,0.0,4.0,,0,0,,676.0,14.0
Jacob Karlsen,Denmark,1,0.0,0.0,1.0,,0,0,,240.0,2.0
Daniyar Sakhi,Kazakhstan,1,0.0,0.0,5.0,,0,0,,24.0,
Danilo Nikolic,Serbia,1,0.0,0.0,4.0,,0,0,,283.0,10.0
Sandi Putros,Denmark,1,0.0,0.0,2.0,,0,0,,801.0,16.0
Roman Jitari,Moldova,1,0.0,0.0,2.0,,0,0,,8.0,
Antoni Bandić,Bosnia & Herzegovina,1,0.0,0.0,1.0,,0,0,,104.0,3.0
Tom Owen,Wales,1,0.0,0.0,1.0,,0,0,,82.0,6.0
Igor Stojcevski,North Macedonia,1,0.0,0.0,4.0,,0,0,,32.0,1.0
Michael Venne,Canada,1,0.0,0.0,3.0,31.0,0,0,,18.0,1.0
Paulo Belence Alves Dos Prazeres Filho,Brazil,1,0.0,0.0,4.0,28.0,0,0,,154.0,8.0
Abdou Ndiaye,USA,1,0.0,0.0,0.0,27.0,0,0,,18.0,1.0
Angel Hernandez Lorenzo,Spain,1,0.0,0.0,6.0,25.0,0,0,,22.0,
Jose Da Silva,USA,1,0.0,0.0,6.0,22.0,0,0,,2.0,
Amaury Delerue,France,1,7.0,0.0,5.0,,7,0,,,
Daniele Orsato,Italy,1,7.0,0.0,0.0,,7,0,,,
Nicolas Rainville,France,1,2.0,0.0,1.0,,2,0,,,
Andrea Gervasoni,Italy,1,5.0,0.0,3.0,,5,0,,,
Knut Kircher,Germany,1,5.0,0.0,2.0,,5,0,,,
Angelo Cervellera,Italy,1,2.0,0.0,4.0,,2,0,,,
Lionel Jaffredo,France,1,7.0,0.0,1.0,,7,0,,,
Nicola Rizzoli,Italy,1,2.0,0.0,2.0,,2,0,,,
Paolo Tagliavento,Italy,1,5.0,0.0,5.0,,5,0,,,
Santiago Jaime Latre,Spain,1,5.0,0.0,3.0,,5,0,,,
Luca Banti,Italy,1,5.0,0.0,1.0,,5,0,,,
Paolo Valeri,Italy,1,4.0,0.0,3.0,,4,0,,,
Stéphane Jochem,France,1,4.0,0.0,4.0,,4,0,,,
Wilfried Bien,France,1,5.0,0.0,1.0,,5,0,,,
Florian Meyer,Germany,1,2.0,0.0,2.0,,2,0,,,
Tony Chapron,France,1,4.0,0.0,0.0,,4,0,,,
Claudio Gavillucci,Italy,1,6.0,0.0,4.0,,6,0,,,
Viktor Kassai,Hungary,1,2.0,0.0,4.0,,2,0,,,
Howard Webb,England,1,3.0,0.0,2.0,,3,0,,,
Massimo Busacca,Switzerland,1,4.0,0.0,2.0,,4,0,,,
Herbert Fandel,Germany,1,4.0,0.0,3.0,,4,0,,,
Victor José Esquinas Torres,Spain,1,0.0,1.0,2.0,,0,1,,,
José Omar Losantos,Spain,1,3.0,0.0,4.0,,3,0,,,
Michael Riley,England,1,2.0,0.0,2.0,,2,0,,,
Neale Barry,England,1,3.0,0.0,2.0,,3,0,,,
Alan Wiley,England,1,3.0,0.0,2.0,,3,0,,,
Robert Styles,England,1,0.0,1.0,2.0,,0,1,,,
Bernd Heynemann,Germany,1,4.0,0.0,2.0,,4,0,,,
Gerasimos Germanakos,Greece,1,3.0,0.0,3.0,,3,0,,,
Michel Vautrot,France,1,3.0,0.0,2.0,,3,0,,,
Siegfried Kirschen,Germany,1,4.0,0.0,3.0,,4,0,,,
Luigi Agnolin,Italy,1,1.0,0.0,4.0,,1,0,,,
Robert Helies,France,1,1.0,0.0,2.0,,1,0,,,
Jack Taylor,England,1,0.0,0.0,2.0,,0,0,,,
Keigo Sendachi,Japan,0,,,,,0,0,,73.0,
