name,avg_yellow_per_match,avg_red_per_match,avg_goals_per_match,avg_fouls_per_match
Damaso Arcediano Monescillo,5.29,0.13,2.47,30.0
Jon Ander Gonzalez Esteban,4.45,0.25,2.7,24.9
Manuel Angel Perez Hernandez,5.79,0.12,2.67,27.8
Iosu Galech Apezteguia,3.45,0.17,2.33,28.9
Miguel Sesma Espinosa,3.64,0.14,2.93,27.8
Alvaro Moreno Aragon,4.8,0.29,2.83,27.3
Andres Fuentes Molina,4.85,0.2,2.8,26.3
Carlos Muniz Munoz,3.63,0.15,2.46,25.4
Daniel Palencia Caballero,5.32,0.34,2.59,29.2
Davi de Oliveira Lacerda,1.54,0.05,2.56,23.3
Eder Mallo Fernandez,5.51,0.07,2.34,24.0
Saul Ais Reig,5.24,0.2,1.8,21.4
German Cid Camacho,5.78,0.15,2.8,27.0
Jose Luis Guzman Mansilla,3.48,0.07,2.92,24.5
Salvador Lax Franco,4.92,0.12,2.9,24.4
Manuel Jesus Orellana Cid,5.9,0.26,2.38,28.3
Rafael Sanchez Lopez,4.49,0.18,2.41,22.6
Sergui Claudiu Muresan,4.41,0.23,2.69,24.9
Chris Kavanagh,2.24,0.08,2.55,22.2
Jose Antonio Sanchez Villalobos,5.82,0.21,2.79,28.2
Michael Oliver,2.19,0.03,2.86,23.0
Anthony Taylor,2.67,0.03,3.08,21.0
Marta Huerta de Aza,4.25,0.22,2.31,25.9
Rodrigo Jose Pereira de Lima,1.29,0.03,2.43,28.7
Rosendo Mendoza,0.54,0.03,3.03,27.4
Allen Chapman,0.5,0.03,3.21,19.8
Raphael Claus,1.65,0.12,2.76,23.7
Rubiel Vazquez,0.85,0.09,2.91,23.6
Serdar Gozubuyuk,2.21,0.03,3.32,23.4
Danny Makkelie,1.64,0.06,3.82,22.4
Miguel Gonzalez Diaz,5.12,0.24,2.67,32.2
Thomas Kirk,3.0,0.03,2.55,21.4
Anderson Daronco,1.78,0.09,2.16,27.1
Jesus Gil Manzano,2.75,0.09,3.22,23.7
Victor Rivas,1.16,0.03,3.22,23.3
Wilton Pereira Sampaio,1.88,0.03,2.31,27.7
Drew Fischer,1.35,0.03,3.19,25.3
Guido Gonzales Jr,0.77,0.13,3.13,24.3
Jon Freemon,1.03,0.13,3.0,24.3
Sergiy Boyko,0.55,0.0,3.42,22.4
Bruno Arleu de Araujo,2.33,0.03,2.1,28.7
Filip Dujic,0.77,0.03,3.3,25.7
Mohammed Al-Hakim,0.37,0.0,2.37,22.8
Nick Walsh,2.2,0.03,2.5,24.7
Rafael Rodrigo Klein,1.3,0.13,2.1,27.8
Alejandro Hernandez,2.21,0.17,3.66,22.9
Andrew Kitchen,1.55,0.07,3.17,19.9
François Letexier,2.21,0.1,2.9,22.0
Istvan Kovacs,3.1,0.17,2.55,25.6
Josh Smith,2.59,0.1,2.86,19.9
Juan Martinez Munuera,2.97,0.1,2.38,27.6
Matt Donohue,2.69,0.03,2.17,23.4
Sven Jablonski,2.24,0.03,2.9,22.2
Farai Hallam,2.36,0.0,3.29,20.7
Felix Zwayer,2.89,0.07,3.18,22.7
Flavio Rodrigues De Souza,2.0,0.07,1.96,25.6
José María Sánchez Martínez,2.89,0.07,2.46,26.3
Lewis Smith,2.54,0.04,2.04,19.3
Pierre-Luc Lauziere,1.0,0.0,2.79,24.4
Ricardo De Burgos Bengoetxea,2.04,0.11,2.71,21.6
Thomas Bramall,3.18,0.0,2.57,21.5
Chris Penso,0.44,0.0,2.37,22.7
Daniel Siebert,2.33,0.04,2.93,22.5
Horatiu Fesnic,2.85,0.11,3.3,29.8
Maurizio Mariani,2.81,0.11,2.74,22.7
Paulo Cesar Zanovelli da Silva,2.59,0.19,2.56,30.3
Tobias Stieler,2.33,0.11,2.7,21.4
Alex Gomes Stefano,0.62,0.0,2.46,32.8
Anthony Backhouse,3.31,0.0,3.08,22.0
Damian Sylwestrzak,2.0,0.04,2.58,28.9
Davide Massa,2.88,0.15,2.58,26.5
David Webb,1.96,0.0,2.54,19.9
Felipe Fernandes de Lima,1.5,0.08,2.31,31.3
Gavin Ward,2.15,0.08,3.35,20.3
Lucas Paulo Torezin,1.12,0.08,3.27,26.0
Marco Guida,1.69,0.15,2.42,23.6
Marcos de Oliveira,0.62,0.0,3.12,24.5
Sascha Stegemann,2.35,0.04,2.65,23.5
Adam Herczeg,2.16,0.04,3.08,22.3
Adam Ladeback,0.44,0.0,3.2,24.4
Alexis Da Silva,0.84,0.0,2.56,25.4
Andy Madley,2.48,0.12,3.0,23.3
Benoît Bastien,1.84,0.08,2.72,23.7
Clement Turpin,2.0,0.16,2.92,23.1
Darren England,2.88,0.0,2.52,22.0
Eric Lambrechts,2.2,0.0,2.84,21.3
Granit Maqedonci,0.4,0.0,2.96,24.4
Peter Bankes,2.56,0.08,2.72,22.0
Samuel Barrott,2.08,0.0,2.76,19.7
Stephen Martin,3.04,0.04,2.88,22.6
Urs Schnyder,2.44,0.12,3.56,24.9
Fredrik Klitte,0.54,0.0,2.33,27.1
Glenn Nyberg,1.0,0.04,3.04,25.6
Jair Antonio Maruffo,0.42,0.04,2.75,22.1
Kristoffer Karlsson,0.83,0.0,3.17,27.1
Lawrence Visser,2.71,0.0,3.33,23.0
Lothar D'hondt,2.38,0.0,2.58,26.0
Matheus Delgado Candançan,1.0,0.08,2.96,25.5
Paweł Raczkowski,2.04,0.12,2.88,26.7
Ramon Abatti Abel,1.62,0.0,2.25,30.5
Stuart Attwell,2.79,0.08,3.0,21.9
Tom Nield,2.04,0.0,2.83,23.8
Victor Wolf,0.75,0.0,2.42,25.5
César Soto Grado,3.26,0.09,2.78,23.7
Craig Pawson,2.3,0.09,2.96,22.7
Jasper Vergoote,1.3,0.04,3.0,22.0
John Busby,2.61,0.09,2.74,21.3
Marco Antonio Ortiz Nava,2.65,0.35,3.78,26.3
Oliver Langford,2.65,0.17,2.78,19.7
Oscar Johnson,0.3,0.0,2.48,25.7
Szymon Marciniak,1.26,0.04,3.0,26.3
Adi Aganovic,0.45,0.0,3.09,21.2
Allard Lindhout,1.27,0.09,2.64,19.4
Bram Van Driessche,2.14,0.05,2.73,21.7
Georgi Kabakov,2.14,0.09,2.36,21.9
Halil Umut Meler,2.77,0.09,2.91,25.3
Harm Osmers,2.64,0.05,2.77,21.0
Jarred Gillett,2.5,0.0,2.82,19.9
Javier Alberola Rojas,2.36,0.09,3.09,25.9
Joao Pedro Pinheiro,2.77,0.14,2.77,24.7
José Luis Munuera Montero,2.41,0.09,2.82,26.4
Luis Bestard Servera,5.14,0.14,3.14,28.0
Marcel Birsan,2.23,0.09,2.82,24.1
Marian Barbu,2.95,0.0,3.0,23.6
Nathan Verboomen,2.32,0.05,2.41,23.0
Richard Sundell,0.27,0.0,2.95,24.0
Sander van der Eijk,2.36,0.14,2.77,22.1
Willy Delajod,1.82,0.14,2.86,23.4
Alejandro Morilla Turrion,5.24,0.24,2.95,28.6
Bert Verbeke,1.81,0.1,2.95,21.9
Cihan Aydin,2.86,0.14,2.24,27.2
Gorka Etayo Herrera,4.9,0.14,2.43,27.8
Jan Boterberg,2.29,0.1,2.43,21.7
John Beaton,1.52,0.05,3.1,22.9
Karol Arys,0.95,0.05,2.52,27.1
Lucas Casagrande,1.19,0.1,2.43,28.6
Malik Badawi,1.19,0.0,2.95,23.2
Nicolas Laforge,2.57,0.05,1.76,21.6
Oliver de la Fuente Ramos,4.52,0.1,3.0,24.0
Piotr Lasyk,1.86,0.05,2.52,26.2
Ruben Avalos Barrera,5.38,0.14,1.9,29.5
Ruddy Buquet,2.38,0.05,2.76,23.1
Ruebyn Ricardo,3.38,0.05,2.48,22.1
Simon Bourdeaud'hui,1.38,0.1,3.0,23.0
Simone Sozza,1.52,0.05,2.57,24.0
Steven McLean,2.14,0.29,2.48,24.7
Tori Penso,1.14,0.0,2.29,21.4
Victor Garcia Verdura,2.67,0.1,2.43,24.0
Alejandro Muñiz Ruiz,2.55,0.15,3.25,23.9
Alejandro Ojaos Valera,5.2,0.3,3.35,28.4
Ali Yilmaz,2.4,0.0,2.35,25.6
Damian Kos,1.95,0.0,2.2,24.2
Dean Whitestone,1.7,0.0,2.55,22.8
Eric Wattellier,1.95,0.1,3.6,20.1
Fotis Bazakos,1.3,0.05,3.55,24.9
Guillermo Cuadra Fernandez,3.1,0.15,2.95,24.6
Isidro Diaz de Mera Escuderos,3.75,0.15,2.9,24.7
James Linington,2.5,0.05,2.6,20.5
Joseph Dickerson,1.05,0.1,4.15,27.8
Leigh Doughty,3.0,0.0,2.85,21.9
Luís Godinho,2.45,0.0,2.55,26.1
Marc Nagtegaal,1.45,0.1,3.6,21.8
Miguel Angel Ortiz Arias,2.25,0.05,2.65,22.9
Ricardo Fierro,0.6,0.0,2.6,28.1
Ricardo Montero,1.4,0.1,3.15,24.9
Robert Jones,2.75,0.0,2.85,21.6
Savio Pereira Sampaio,2.2,0.0,3.3,26.8
Adrian Cordero Vega,3.16,0.0,2.26,25.3
Alejandro Quintero Gonzalez,3.26,0.11,2.63,27.3
Alonso De Ena Wolf,6.37,0.37,2.11,29.0
Anastasios Papapetrou,2.26,0.11,2.53,29.9
Benjamin Brand,2.68,0.16,3.53,19.6
Ben Toner,2.47,0.11,2.47,24.2
César Ramos Palazuelos,2.74,0.05,3.32,25.3
Daniele Doveri,2.16,0.16,2.21,24.2
David Dickinson,2.89,0.21,2.68,23.4
Florian Badstubner,1.37,0.16,2.95,21.8
Jeremie Pignard,2.37,0.26,3.37,22.1
Jeroen Manschot,2.11,0.11,2.68,20.6
Jérôme Brisard,2.21,0.16,2.89,22.8
Michael Salisbury,2.53,0.05,3.11,22.1
Patryk Gryckiewicz,2.32,0.0,3.11,25.1
Radu Marian Petrescu,0.84,0.0,2.42,26.7
Rares George Vidican,2.79,0.16,2.58,25.6
Szabolcs Kovacs,3.32,0.11,2.32,22.3
Tim Robinson,3.37,0.16,2.16,22.5
Wojciech Myc,2.32,0.0,2.68,27.4
Alberto Undiano Mallenco,5.56,0.06,3.67,
Andrea Colombo,3.39,0.0,2.94,28.1
Antonio Nobre,2.89,0.11,2.5,27.9
Armando Villarrea,0.94,0.0,3.11,22.9
Daniel Schlager,2.78,0.06,3.11,22.4
Donald Robertson,2.0,0.0,2.39,23.1
Elliot Bell,3.11,0.0,2.0,23.2
Florin Andrei,1.5,0.0,1.83,23.6
Jaroslaw Przybyl,2.33,0.0,2.11,26.4
John Brooks,2.89,0.06,2.61,22.9
Lorenzo Hernandez,1.06,0.11,3.28,24.5
Lukasz Kuzma,1.72,0.0,2.83,24.1
Matthew MacDermid,2.56,0.06,2.78,23.1
Sandro Schärer,3.0,0.06,3.11,27.6
Simon Hooper,2.17,0.06,3.33,23.3
Tobias Welz,4.22,0.0,2.33,24.6
Tomasz Kwiatkowski,2.0,0.06,3.22,22.8
Yasin Kol,3.5,0.06,2.11,26.8
Adnan Deniz Kayatepe,2.41,0.0,2.94,28.5
Bartosz Frankowski,2.35,0.06,2.94,22.3
Bastien Dechepy,2.82,0.06,2.35,25.8
Beatriz Cuesta Arribas,1.71,0.0,2.71,16.8
Daniel Quintero Huitrón,2.82,0.0,2.88,23.8
David Fernández Borbalan,3.94,0.06,3.29,
Elena Pelaez Arnillas,1.53,0.06,3.29,22.2
Ismir Pekmic,0.0,0.0,2.35,25.2
Joao Antonio Ferreira Goncalves,2.53,0.18,2.71,25.2
Joey Kooij,1.18,0.0,2.88,20.9
Luca Cibelli,2.53,0.24,3.59,24.5
Luis Santander,2.0,0.0,3.0,27.6
Lukas Fahndrich,2.06,0.12,3.47,26.5
Mateo Busquets Ferrer,3.53,0.29,2.47,24.6
Michael Fabbri,3.53,0.06,1.88,24.7
Paul Tierney,3.06,0.06,2.65,20.7
Sam Allison,2.53,0.0,2.35,23.4
Shukri Alhunfush,2.41,0.06,3.18,26.2
Thomas Leonard,2.29,0.06,2.47,24.9
Tim Ford,1.0,0.0,3.82,23.0
Tony Harrington,1.59,0.0,2.47,20.6
Ainara Andrea Acevedo Dudley,1.94,0.0,3.25,20.2
Alexandros Tsakalidis,3.0,0.0,1.94,29.4
Alex Bos,1.62,0.0,3.56,21.7
Fernando Hernandez,1.75,0.38,2.62,26.7
Fernando Teixeira,4.06,0.19,3.25,
Francisco Hernandez Maeso,2.75,0.06,2.81,24.8
Ismael Rosario Lopez Penuelas,2.25,0.12,2.44,24.8
Jannick van der Laan,2.25,0.0,2.19,23.4
Joakim Ostling,0.0,0.0,3.19,25.3
Lorena Del Mar,1.44,0.0,2.12,21.1
Marc Bollengier,2.94,0.12,2.81,27.8
Matteo Marchetti,2.5,0.31,2.38,23.9
Matthias Jollenbeck,2.56,0.0,3.69,20.4
Maximiliano Quintero Hernandez,3.0,0.06,2.56,23.3
Mohammed Khled Hoish,2.88,0.0,3.31,25.0
Oguzhan Cakir,2.44,0.0,2.19,29.9
Vassilis Fotias,3.25,0.06,2.5,27.8
Vicente Jassiel Reynoso Arce,1.94,0.19,2.81,26.4
Victor Alfonso Caceres Hernandez,1.62,0.12,3.0,24.8
Wesli De Cremer,2.31,0.06,2.88,25.3
Adonai Escobedo Gonzalez,3.07,0.27,2.93,23.1
Alessandro Dudic,1.87,0.27,3.93,25.4
Alicia Espinosa Rios,1.47,0.0,2.0,16.3
Ali Sansalan,2.2,0.13,3.27,26.1
Anastasios Sidiropoulos,1.87,0.27,2.27,25.1
Andrea Fernandez Firvida,2.8,0.07,2.73,21.5
Anojen Kanagasingam,2.13,0.07,3.53,23.9
Atilla Karaoglan,2.73,0.2,3.0,28.1
Benoît Millot,2.27,0.07,2.8,27.4
Christos Vergetis,3.33,0.07,2.27,31.6
Claudio Filipe Ruivo Pereira,2.47,0.0,1.93,28.7
Daniele Chiffi,1.8,0.0,2.2,22.7
David Rafael Oliveira da Silva,4.53,0.27,2.27,30.1
Dragomir Draganov,1.2,0.07,2.33,23.4
Eduardo Iturralde Gonzalez,4.87,0.27,3.2,
Guillaume Paradis,2.0,0.13,1.87,26.0
Jeremy Stinat,2.2,0.13,2.73,22.9
Johannes von Mandach,2.47,0.07,2.67,25.1
Kadir Saglam,3.93,0.13,2.93,30.0
Luca Zufferli,1.33,0.07,1.93,25.9
Mehmet Turkmen,2.27,0.13,3.2,26.3
Melissa Lopez Osorio,2.67,0.0,2.07,19.5
Miguel Nogueira,2.07,0.13,2.4,26.9
Nico Gianforte,3.0,0.2,2.6,27.1
Paola Cebollada Lopez,2.07,0.0,2.8,16.6
Robin Hensgens,2.07,0.07,2.27,23.7
Sven Wolfensberger,2.87,0.0,3.07,31.0
Ylenia Sanchez Miguel,3.13,0.07,3.2,21.0
Bastian Dankert,2.36,0.0,3.71,19.5
César Muñiz,4.79,0.29,3.86,
Ermanno Feliciani,1.57,0.07,3.29,24.1
Florian Exner,3.07,0.14,4.14,22.6
Gael Angoula,2.0,0.0,3.79,20.7
Khaled Al Teris,3.14,0.0,2.86,25.7
Luca Piccolo,3.14,0.0,3.29,28.3
Lukasz Szpala,0.0,0.0,2.93,24.1
Majed Mohammed Al-Shamrani,3.36,0.29,2.57,24.6
Marco Di Bello,1.36,0.0,2.57,25.7
Mathieu Vernice,3.0,0.14,2.5,28.6
Oscar Mejia Garcia,2.36,0.14,2.43,27.6
Radoslav Gidzhenov,1.5,0.14,2.43,26.2
Robert Hartmann,1.64,0.14,3.5,24.3
Romain Lissorgue,2.14,0.07,3.36,26.4
Sebastian Coltescu,1.93,0.14,2.57,24.6
Stephanie Frappart,2.21,0.0,3.5,24.5
Volen Chinkov,1.71,0.07,2.29,23.4
Alper Akarsu,1.85,0.0,2.69,23.5
Bas Nijhuis,0.92,0.0,3.77,20.6
Batuhan Kolak,3.46,0.08,2.77,27.9
Carlos Velasco Carballo,3.46,0.08,3.0,
Christian Dingert,3.31,0.15,2.69,23.5
Deniz Aytekin,2.0,0.15,2.08,21.9
Duncan Nicolson,2.62,0.0,2.31,24.6
Elisabet Calvo Valentin,1.08,0.0,3.69,22.2
Fabio Jose Costa Verissimo,3.38,0.0,3.08,26.8
Federico La Penna,2.31,0.08,3.15,28.2
Fotios Polychronis,3.69,0.0,2.62,27.7
George Catalin Roman,2.54,0.08,2.92,26.5
Guillermo Pacheco Larios,1.38,0.15,2.31,22.0
Gustavo Correia,2.92,0.15,1.38,27.8
Hakim Ben el Salem Hadj,2.62,0.31,2.31,21.9
Iulian Calin,3.0,0.0,2.54,19.9
James Bell,1.69,0.0,2.23,20.8
Jesus Rafael Lopez Valle,2.54,0.15,3.38,24.2
Jorge Abraham Camacho Peregrina,2.31,0.31,2.77,22.8
Katia García,2.23,0.08,3.08,27.8
Maria Gloria Planes Terol,2.46,0.08,3.0,18.9
Marian Grebencharski,1.77,0.0,2.92,21.2
Martin Van den Kerkhof,1.46,0.08,3.46,19.7
Matteo Marcenaro,2.23,0.0,2.31,25.1
Miguel Pérez,5.0,0.08,2.85,
Nikola Popov,1.15,0.0,2.62,23.4
Ozan Ergun,2.62,0.08,3.46,25.7
Rob Dieperink,1.77,0.0,3.69,23.3
Sergii Demianchuk,1.0,0.0,3.69,26.5
Sergio Guelho,2.31,0.0,2.77,27.4
Yonatan Peinado Aguirre,2.46,0.15,3.31,25.1
Abdullah Al-Kharbosh,3.33,0.0,2.67,22.6
Angelos Evangelou,3.17,0.0,2.42,23.9
Benjamin Speedie,1.83,0.08,2.17,19.0
Bert Put,2.67,0.17,2.83,23.3
Cagdas Altay,1.92,0.08,3.33,26.4
Calum Scott,2.5,0.25,3.08,23.5
Dennis Higler,1.17,0.0,2.67,23.2
Dimitar Dimitrov,2.25,0.17,1.75,24.0
Donatas Rumsas,2.0,0.25,2.92,25.2
Erik Mattsson,0.83,0.0,2.83,25.2
Erwin Blank,1.67,0.0,3.67,23.3
Francesco Fourneau,2.67,0.0,3.0,25.9
Giuseppe Collu,1.83,0.17,1.67,22.2
Helder Filipe Claudio Carvalho,2.08,0.08,3.25,29.3
Helder Malheiro,2.33,0.08,4.0,29.9
Kevin van Damme,1.67,0.0,2.5,22.8
Luca Pairetto,4.25,0.33,2.08,26.9
Patrick Ittrich,2.42,0.08,3.08,19.2
Pawel Malec,2.33,0.0,3.0,19.8
Robert Madley,1.5,0.0,1.75,20.0
Ross Hardie,2.25,0.25,3.42,25.1
Ryan Lee,1.83,0.33,2.75,26.4
Sören Storks,3.67,0.08,2.83,21.8
Tom Reeves,3.0,0.0,3.17,20.2
Turienzo,3.58,0.0,3.75,
Viorel Nicusor Flueran,1.67,0.0,3.08,19.4
Abdelatif Kherradji,1.27,0.18,2.36,28.4
Alberto Ruben Arena,1.64,0.0,2.0,21.5
Andrei Florin Chivulete,1.91,0.0,2.0,26.1
Anzhony Rodrigues,2.09,0.09,3.09,26.3
Bruno Jose Ribeiro Pires Costa,2.91,0.0,2.45,25.7
Carlos Delgado,4.27,0.18,4.09,
Georgi Dimitrov,1.55,0.0,2.91,23.0
Georgi Ginchev,1.09,0.18,1.64,26.9
Gianluca Manganiello,1.91,0.0,2.45,23.9
Horia Gabriel Mladinovici,2.09,0.0,1.91,18.8
Jose Bessa,4.0,0.18,2.18,28.0
Juan Luca Sacchi,3.36,0.0,2.18,27.4
Kevin Clancy,2.55,0.27,2.45,22.0
Lyuboslav Lyubomirov,2.27,0.0,2.91,22.1
Maria Eugenia Gil Soriano,1.36,0.09,2.82,15.0
Michail Matsoukas,3.64,0.0,3.27,29.6
Michiel Allaerts,1.91,0.18,1.82,24.7
Mirel Turkes,3.27,0.09,3.91,27.6
Mohammed Sami Taher Al Ismail,2.55,0.09,2.82,21.5
Rade Obrenovič,0.82,0.0,2.64,24.6
Slavko Vinčić,1.91,0.0,3.0,24.2
Spyridon Zampalas,3.82,0.0,2.82,34.3
Tess Olofsson,0.45,0.0,3.45,24.4
Tobias Reichel,2.55,0.09,3.09,22.0
Ventsislav Mitrev,3.09,0.09,2.18,23.5
Athanasios Tzilos,3.4,0.1,2.7,28.3
Carlos Macedo,1.8,0.0,3.2,26.2
Edward Duckworth,2.9,0.0,2.5,23.0
Espen Eskas,1.0,0.0,3.6,21.7
Faisal Suleiman Al-Balawi,2.3,0.2,3.1,23.2
Fedayi San,3.0,0.1,3.3,25.2
Fernando Antonio Mendes de Salles Nascimento Filho,2.1,0.3,2.9,31.1
George Catalin Gaman,2.8,0.1,2.5,27.5
Hiroyuki Kimura,3.3,0.0,2.4,22.0
Ingmar Oostrom,1.9,0.0,4.1,22.1
Joaquin Alberto Vizcarra Armenta,2.1,0.1,2.1,23.9
Kevin Bonacina,1.9,0.0,3.3,25.7
Kristiyan Kolev,2.1,0.1,2.1,22.1
Marcelo de Lima Henrique,1.8,0.2,3.5,26.4
Martin Petersen,3.4,0.0,3.1,23.1
Martin Velikov,1.1,0.0,2.6,21.4
Oguzhan Aksu,2.0,0.0,1.5,23.5
Pedro Ramalho,2.9,0.3,2.3,30.4
Rosario Abisso,2.3,0.3,1.8,25.0
Sebastian Krasny,2.3,0.0,3.3,24.1
Stavros Tsimenteridis,2.9,0.3,2.7,29.4
Valentin Zhelezov,1.9,0.2,1.8,23.9
Vasil Minev,2.4,0.1,2.7,23.0
Wagner do Nascimento Magalhaes,2.8,0.1,2.5,28.7
Abdullah Al-Owaidan,3.11,0.22,2.78,25.7
Akihiko Ikeuchi,1.44,0.0,3.56,18.0
Fabio Maresca,3.56,0.11,2.44,24.6
Frank Willenborg,2.22,0.11,2.67,20.6
Giovanni Ayroldi,1.67,0.0,2.33,30.4
Ioannis Papadopoulos,4.33,0.11,2.11,31.1
Irfan Peljto,2.78,0.44,2.56,25.1
Ivan Antonio Lopez Sanchez,1.22,0.0,2.89,29.2
Ivan Kružliak,1.44,0.0,3.22,23.2
Jefferson Ferreira de Moraes,0.44,0.11,2.89,26.6
Karen Hernandez Andrade,1.67,0.0,2.44,24.7
Koichiro Fukushima,2.22,0.0,3.11,23.6
Luis Carlos Mateus Filipe,2.67,0.0,2.78,26.8
Marcin Szczerbowicz,4.0,0.0,2.78,26.4
Martijn Vos,2.22,0.11,2.67,22.7
Martin Molina Astorga,1.78,0.11,3.56,23.2
Massimiliano Ledda,2.33,0.0,2.0,25.3
Masuya Ueda,2.44,0.11,2.33,23.7
Mateusz Piszczelok,2.78,0.0,2.56,24.9
Matthew Corlett,2.89,0.11,2.67,22.7
Miguel Andre Monteiro Fonseca,4.22,0.0,2.78,26.6
Nikola Dabanovic,1.56,0.0,2.67,22.9
Olatz Rivera Olmedo,2.0,0.11,4.0,20.0
Robert Schröder,3.56,0.22,3.22,24.1
Robin Braun,2.78,0.0,3.33,21.6
Sebastian Gishamer,1.0,0.0,4.0,20.4
Timo Gerach,2.56,0.11,3.22,21.4
Valerio Crezzini,1.78,0.0,3.0,25.8
Vasilica Iancu,3.33,0.0,3.56,24.7
Abdullah Al-Harbi,3.5,0.0,3.25,23.9
Abdullah Al-Shehri,2.38,0.0,4.12,21.1
Alfonso Perez Burrull,4.5,0.12,2.5,
Ali Al-Qahtani,3.12,0.0,2.75,21.5
Atsushi Uemura,2.25,0.0,2.5,22.0
Bruno Pereira Vasconcelos,2.75,0.38,3.12,28.1
Cristian Moldoveanu,1.25,0.25,1.38,24.1
Desiree Grundbacher,2.62,0.0,3.25,27.1
Fareeh Al-Jaloud,2.62,0.25,2.25,20.6
Joao Vitor Gobi,1.5,0.0,3.25,29.8
Khalid Al-Ahmari,2.0,0.12,3.0,24.2
Koei Koya,2.75,0.25,2.0,21.8
Koji Takasaki,3.88,0.0,2.12,23.4
Konstantinos Katikos,2.88,0.38,3.62,29.1
Lionel Tschudi,0.88,0.0,3.38,27.0
Luis Alfredo Garcia Rodriguez,1.38,0.12,2.38,24.5
Marcio Torres,2.5,0.0,2.25,26.0
Miguel Ayza,4.62,0.0,3.25,
Omer Tolga Guldibi,3.62,0.12,2.25,29.9
Ricardo Baixinho,4.25,0.62,3.25,32.5
Stanimir Trenchev,1.25,0.25,2.88,22.2
Todor Nedyalkov Kirov,1.62,0.0,2.38,20.1
Yigit Arslan,2.0,0.0,2.75,31.1
Adrian Viorel Cojocaru,0.0,0.0,2.29,22.3
Ahmad Al Rumaikhani,2.43,0.29,3.14,24.3
Alexandros Katsikogiannis,2.86,0.14,2.14,32.0
Andre Filipe Domingues Narciso,4.0,0.0,2.43,30.6
Andrei Moroita,2.0,0.29,2.71,22.0
Andre Luis Skettino Policarpo Bento,5.43,0.57,1.29,31.7
Antonio Miguel Mateu Lahoz,3.57,0.0,3.0,30.8
Antonio Rapuano,2.43,0.29,2.29,25.7
Braulio Da Silva Machado,2.29,0.14,2.71,25.3
Byungjin Park,3.71,0.14,1.71,32.3
Carlos Clos Gómez,3.29,0.14,3.0,
Diogo Rosa,5.43,0.0,3.0,29.1
Elijio Arreguin,1.71,0.14,2.86,29.6
Futoshi Nakamura,3.14,0.29,2.71,20.3
Georgi Stoyanov,1.71,0.0,2.0,20.7
Gero Piskov,2.29,0.0,2.57,24.1
Hayato Shimizu,3.43,0.0,2.43,20.9
Ionut Coza,1.43,0.0,2.43,28.0
Ismail Elfath,2.71,0.0,3.57,20.4
Joakim Sars,2.14,0.0,3.14,25.6
Jong-Hyeok Kim,3.86,0.14,2.0,21.0
Ko Hyung-jin,4.71,0.29,2.0,21.4
Koki Nagamine,3.57,0.0,1.71,22.6
Livio Marinelli,2.0,0.29,2.57,27.7
Marijan Drmic,2.29,0.43,2.57,23.4
Mario Terrazas Chavez,1.57,0.29,2.14,30.6
Meletios Gioumatzidis,2.0,0.0,2.0,29.0
Rafael Ramírez Domínguez,4.29,0.14,3.29,
Raquel Suarez Gonzalez,1.86,0.0,3.86,17.1
Stoyan Arsov,2.57,0.0,1.86,21.1
Will Finnie,4.29,0.0,1.57,22.3
Yong-jun Shin,5.14,0.0,2.86,26.3
Yuzo Sutani,2.0,0.0,2.86,22.4
Abdullah Zarban,4.33,0.0,3.0,25.8
Abdulsamad Bakri,3.67,0.17,4.17,27.8
Abraham de Jesus Quirarte Contreras,2.83,0.5,3.67,26.8
Ahmed Mohammed Al-Rumaikhani,2.17,0.0,2.83,24.3
Chris Graham,1.0,0.0,2.17,25.7
Dimitrios Moschou,2.17,0.0,3.0,30.7
Edina Alves Batista,1.5,0.0,2.67,25.3
Gabriel Mihuleac,1.17,0.0,3.67,22.8
Hiroki Kasahara,3.17,0.17,1.83,21.3
Jacob Miles,4.17,0.33,2.33,21.8
Jonathan Benkenstein Pinheiro,3.17,0.33,2.5,30.8
José Paradas,4.33,0.0,3.67,
Marco Piccinini,1.33,0.33,2.67,27.0
Martin Markov,2.33,0.17,2.33,20.3
Min-Seok Song,5.67,0.0,2.0,28.8
Mohammed Nasser Abu Shaqara,3.33,0.17,3.33,22.7
Richard Martens,2.33,0.0,3.33,23.5
Rohit Saggi,2.0,0.0,2.83,25.8
Salvador Perez Villalobos,2.17,0.0,3.33,27.3
Sami Ahmed Al-Jurays,2.0,0.0,2.83,19.7
Umit Ozturk,2.83,0.0,2.33,26.5
Zorbay Kucuk,0.0,0.0,1.0,30.8
Aliyar Aghayev,1.0,0.0,2.4,26.5
Andris Treimanis,1.0,0.2,2.4,28.0
Anthony Letellier,1.4,0.0,2.2,21.4
Antonio Rubinos Perez,3.4,0.0,3.4,
Carlos Megía Dávila,5.0,0.4,3.8,
Dae-Yong Kim,3.2,0.2,2.2,23.8
Daichi Shiino,3.0,0.0,3.0,27.2
Daniel Stefanski,5.6,0.6,1.0,28.0
Davide Di Marco,2.4,0.0,2.8,25.4
Elcin Masiyev,1.2,0.2,1.2,26.0
Ignacio Iglesias Villanueva,4.2,0.4,3.8,22.8
Igor Pajač,1.2,0.2,3.6,21.8
José Teixeira,5.0,0.0,3.8,
Krasen Georgiev,0.0,0.0,2.6,27.4
Lloyd Wilson,2.6,0.2,2.4,21.8
Luis Medina Cantalejo,5.6,0.0,1.8,
Manuel Enrique Mejuto Gonzalez,3.8,0.0,3.4,
Marcin Kochanek,0.6,0.0,3.0,20.8
Michael Pavlov,1.8,0.2,2.2,25.8
Paride Tremolada,1.8,0.2,2.0,24.2
Piero Maza,4.2,0.2,1.8,18.8
Piotr Rzucidlo,0.2,0.0,2.8,25.4
Ramy Touchan,0.0,0.0,3.8,30.4
Ryo Tanimoto,2.2,0.4,3.8,19.0
Sorin Dan Vadana,1.2,0.0,1.8,25.6
Srdan Jovanovic,0.6,0.0,3.2,20.2
Sultan Al-Harbi,0.2,0.2,3.0,21.6
Vlad Baban,1.8,0.2,3.8,21.4
Yael Falcon Perez,4.6,0.0,3.4,25.4
Yuri Elino Ferreira Da Cruz,1.6,0.0,2.0,30.6
Yusuke Ohashi,2.2,0.2,2.4,20.4
Afro Rocha De Carvalho Filho,4.25,0.25,1.25,32.0
Alejandro José Hernández Hernández,2.25,0.0,3.25,
Andres Matonte,3.75,0.25,2.0,17.2
Andres Rojas,7.0,0.25,1.25,23.0
Arda Kardesler,0.0,0.0,3.0,29.7
Arturo Daudén Ibáñez,3.75,0.25,3.25,
Balazs Berke,0.5,0.0,4.0,20.7
Bernardino Gonzalez,5.0,0.5,4.0,
Carlos Betancur,6.25,0.75,2.5,22.0
Cristian Garay,5.25,0.5,2.75,23.5
Dan McFarlane,1.5,0.25,4.0,31.0
Denislav Stalev,0.75,0.25,1.0,25.5
Derlis Lopez,5.25,0.25,2.25,28.5
Georgios Kokkinos,2.5,0.25,3.0,26.0
Gery Vargas,4.25,0.25,0.75,18.2
Giorgi Kruashvili,2.5,0.0,2.0,22.5
Goga Kikacheishvili,1.0,0.0,3.75,30.0
Grant Irvine,2.75,0.0,4.25,26.2
Gurcan Hasova,7.0,0.0,3.0,32.2
José Luis González González,3.0,0.5,3.25,
Juan Gabriel Benitez,2.0,0.25,1.75,28.0
Julian Rodriguez Santiago,2.75,0.25,3.75,
Julian Weinberger,0.5,0.0,2.5,24.3
Lucas Canetto Bellote,1.75,0.0,2.5,24.8
Manfredas Lukjancukas,1.25,0.0,3.0,24.2
Marco Fritz,4.25,0.25,1.75,26.7
Mario Melero López,4.25,0.0,4.25,26.3
Mikael Lesage,4.25,0.25,2.5,20.0
Morten Krogh,0.0,0.0,1.5,26.0
Mykola Balakin,1.75,0.0,2.75,24.7
Nabil Bensalah,1.5,0.0,1.75,28.8
Nenad Minaković,1.0,0.0,2.75,26.5
Ovidiu Robu,2.25,0.0,2.25,22.2
Panagiotis Koukoulas,1.25,0.25,1.75,31.0
Simon Mather,2.5,0.0,2.25,19.0
Thomas Parsons,2.75,0.0,2.75,26.5
Tomasz Marciniak,4.0,0.0,3.5,24.2
Zac Kennard-Kettle,3.5,0.0,3.0,14.5
Zulema Gonzalez Gonzalez,0.0,0.0,3.0,20.5
Abongile Tom,7.67,0.33,1.33,30.0
Alan Young,7.33,0.0,1.33,22.0
Alex Chilowicz,3.67,0.0,4.0,24.0
Alexis Herrera,4.33,0.0,2.67,22.0
Amin Mohamed Omar,1.67,0.33,2.33,19.3
Antonio Damato,6.0,0.0,3.67,
Augusto Bergelio Aragon Bautista,3.33,0.0,1.33,20.7
Beida Dahane,3.33,0.0,3.0,37.3
Carmine Russo,2.33,0.33,4.0,
Cheol-Jun Choi,4.33,0.0,2.0,28.0
Dario Herrera,3.67,0.33,1.67,20.3
David Rock,5.0,0.0,2.67,25.5
Eduardo Prieto Iglesias,3.67,0.0,2.67,
Enea Jorgji,0.33,0.0,2.33,25.5
Erdem Mertoglu,3.67,0.0,2.67,26.0
Esteban Ostojich,5.0,0.0,3.0,25.3
Facundo Raul Tello Figueroa,4.67,0.0,2.67,25.7
Felix Brych,3.67,0.0,2.67,26.0
Frank Schneider,4.33,0.33,1.33,
Giuseppe Mucera,2.33,0.33,3.0,26.0
Guido Winkmann,2.33,0.0,2.67,
Guillermo Enrique Guerrero Alcivar,2.67,0.0,1.33,24.0
Gustavo Ervino Bauermann,1.67,0.0,2.33,26.7
Gustavo Tejera,4.0,0.0,4.0,22.3
Hernan Heras,5.33,0.33,1.67,19.0
Hristiyana Guteva,2.67,0.0,1.33,24.3
Issa Sy,5.67,0.33,2.67,33.3
Jalal Jayed,3.67,0.0,1.67,30.0
Jérôme Miguelgorry,3.0,0.0,3.0,
Jesús Valenzuela,3.0,0.0,1.67,23.3
Johan Hamel,5.0,0.0,4.0,27.9
Jose Burgos,4.67,0.0,1.0,22.7
Jose Cabero Rebolledo,2.33,0.33,1.67,16.7
Juxhin Xhaja,1.67,0.0,2.67,22.3
Kevin Ortega,5.33,0.0,2.67,27.0
Kristo Tohver,0.0,0.0,3.33,23.5
Lucas Guimarães Rechatiko Horn,4.33,0.67,2.0,31.7
Matej Jug,0.0,0.0,2.0,26.7
Mateusz Jenda,2.0,0.33,2.67,29.0
Matthew Russell,1.0,0.33,3.67,27.5
Mohammad Al-Emara,2.33,0.0,4.0,21.7
Ndala Ngambo,2.67,0.0,1.33,22.5
Neil Hair,2.33,0.33,2.67,21.0
Omar Abdulkadir Artan,2.67,0.0,4.0,26.3
Orel Grinfeeld,0.0,0.0,1.67,28.0
Pedro Jesús Pérez Montero,4.33,0.0,2.67,
Piero Giacomelli,1.67,0.0,3.67,28.49
Pierre Ghislain Atcho,4.33,0.0,2.0,26.7
Resat Onur Coskunses,5.33,0.0,1.0,27.3
Robert Hennessy,1.0,0.0,1.33,22.0
Ross Joyce,2.67,0.0,1.67,20.0
Saïd Ennjimi,2.67,0.0,3.0,
Sang-Hyeop Chae,5.0,0.67,1.67,23.7
Scott Oldham,2.67,0.33,2.33,25.0
Stan Teuben,0.67,0.0,2.33,22.0
Tae-Hwan Seol,4.33,0.0,2.67,23.7
Vicente José Lizondo Cortés,5.0,0.0,3.33,
Wilmar Roldan,3.33,0.67,1.67,18.3
Xavier Estrada Fernández,3.67,0.0,2.67,
Aaron Bannister,7.0,0.5,2.5,35.0
Aaron Farmer,6.0,0.0,2.0,36.0
"Abatti Abel, Ramon",5.5,0.0,3.0,34.5
Abdel Aziz Mohamed Bouh,2.5,0.0,3.5,23.0
Abdou Abdel Mefire,6.5,0.0,3.0,36.0
Abdulsamad Ali Bakri,5.0,0.0,3.0,30.5
Ahmad Imetehaz Heeralall,1.0,0.0,1.5,25.0
Albert Rozycki,3.0,0.0,3.0,20.0
Alexandre Perreau Niel,3.5,0.0,4.5,30.5
Alfonso Álvarez Izquierdo,4.0,0.0,1.5,
"Al-Hakim, Mohammed",1.0,0.0,4.5,28.0
Ali Mahmood Mahmood Ismail,3.5,0.0,3.0,38.5
"Alshamrani, Majed Mohammed",4.5,0.0,3.5,20.5
Andrea Calzavara,5.0,0.0,0.5,34.5
Antoine Valnet,3.0,0.0,1.0,26.0
Antony Gautier,3.5,0.5,2.0,24.0
Augusto Menendez,4.0,0.0,3.0,31.5
Aurelien Petit,3.5,0.0,2.5,25.0
"Barrott, Samuel",5.0,0.0,2.0,23.5
Bartolomeu Varela Teles,4.5,0.0,2.0,
"Bonacina, Kevin",2.5,0.0,4.0,23.0
Boubou Traore,4.5,0.0,3.0,32.0
"Bourdeaud'hui, Simon",5.5,0.0,2.5,27.5
"Branco Godinho, Luis Miguel",5.5,0.0,3.5,25.0
Bryan Loayza,4.0,0.0,1.5,22.0
"Buquet, Ruddy",2.5,0.0,4.0,25.5
"Cakir, Oguzhan",3.0,0.0,1.5,25.5
Carl Brook,4.0,1.0,3.0,19.0
Carlos del Cerro Grande,5.5,0.0,3.5,25.0
Carlos Ortega,7.5,0.0,2.0,25.5
Carlos P. Benitez,6.0,0.0,3.5,26.5
Christian-Petru Ciochirca,0.0,0.0,2.5,
"Cibelli, Luca",8.0,0.0,2.5,28.0
"Claus, Raphael",2.5,0.0,1.5,19.0
Colin Steven,3.5,0.0,5.5,22.0
"Coskunses, Resat Onur",3.5,0.5,4.0,26.5
Damian Krumplewski,8.0,0.0,2.5,26.0
Daniel Laryea,3.5,0.0,0.5,47.0
Daniel McFarlane,4.5,0.0,2.5,28.5
"Da Silva, Alexis",8.0,0.0,2.0,28.0
"De Ena Wolf, Alonso",5.5,0.5,3.0,21.0
Denis da Silva Ribeiro Serafim,4.0,0.0,1.5,32.0
"de Oliveira Lacerda, Davi",7.0,0.5,2.5,25.5
"Dickerson, Joseph",3.5,0.5,5.5,19.0
Domenico Celi,4.5,0.0,3.0,
Dong Jun Lee,5.0,0.0,2.0,29.0
"Doveri, Daniele",3.0,0.0,3.5,23.0
"Dujic, Filip",3.5,0.5,3.0,29.0
"Elfath, Ismail",3.5,0.0,2.5,25.5
"England, Darren",5.5,0.0,5.0,25.5
"Ergun, Ozan",7.0,0.0,3.5,32.5
Federico Dionisi,0.0,0.0,4.0,29.0
"Fernandes de Lima, Felipe",6.5,1.5,1.5,37.0
Fernando Andre Vejar Diaz,5.5,0.5,1.5,23.0
Filip Glova,0.0,0.0,2.5,22.0
Fredy Fautrel,3.5,0.0,4.5,
"Freemon, Jon",3.5,0.0,2.5,28.0
"Fukushima, Koichiro",1.5,0.0,1.0,21.0
Geoffrey Kubler,2.5,0.5,1.0,26.5
Gianluca Rocchi,2.5,0.0,1.5,
"Gillett, Jarred",4.0,0.0,2.0,22.5
"Gonzales Jr, Guido",6.0,0.0,4.0,21.5
"Gozubuyuk, Serdar",4.0,0.0,2.0,19.5
Greg Dopka,0.0,0.0,2.0,30.5
Günter Perl,2.5,0.0,3.0,
Hakim Ben El Hadj Salem,5.5,0.0,2.5,29.6
"Hernandez Maeso, Francisco Jose",5.0,0.0,1.5,28.0
Iuliana Elena Demetrescu,0.5,0.0,4.5,17.0
Ivano Pezzuto,2.0,0.5,0.5,33.5
James Durkin,5.5,0.0,3.0,
Jhon Alexander Ospina Londono,4.5,0.5,2.0,22.5
Jochen Drees,3.0,0.0,2.0,
Jodis Nascimento de Souza,6.5,0.0,3.5,23.5
"Jones, Robert",3.0,0.0,3.0,19.5
Joshua Encarnacion,2.5,0.5,2.5,34.0
"Kamimura, Atsushi",1.5,0.0,4.5,15.0
Karol Wójcik,2.0,0.0,1.5,30.0
Katja Koroleva,0.0,0.0,2.5,21.0
"Kavanagh, Christopher",6.5,0.0,3.5,18.5
Keigo Sendachi,4.5,0.0,1.0,24.5
Kirill Levnikov,1.5,0.0,5.0,17.0
Kleber Ariel Goncalves Silva,4.0,0.0,2.0,31.0
"Klein, Rafael Rodrigo",3.5,0.5,4.5,23.0
"Klitte, Fredrik",3.5,0.0,3.5,26.5
"Kol, Yasin",5.5,0.0,2.5,30.0
"Kovacs, Szabolcs",3.0,0.0,2.0,19.5
"Koya, Koei",1.5,0.0,4.0,18.5
"Kwiatkowski, Tomasz",5.5,0.5,1.5,23.5
Kyriakos Athanasiou,3.0,0.0,1.5,33.0
"Laforge, Nicolas",5.0,0.5,5.0,20.0
"Lambrechts, Erik",4.5,0.0,2.0,25.0
Leandro Rey Hilfer,2.0,0.0,1.0,19.0
Lee Swabey,2.0,0.0,3.5,21.0
"Letellier, Anthony",1.5,0.0,3.5,22.5
Luca Massimi,6.0,0.0,2.0,26.0
Maciej Pelka,3.0,0.0,3.0,28.5
"Makkelie, Danny",1.5,0.0,3.0,21.5
Mario Perri,2.0,0.5,3.0,28.5
Martin Coy,2.5,0.0,4.5,19.0
Massimiliano Irrati,2.5,0.0,3.0,29.5
Mateusz Stepniak,1.5,0.0,1.5,13.0
"Meler, Halil Umut",6.0,0.5,1.5,23.5
"Mikuriya, Takafumi",2.5,0.5,1.5,22.0
Milos Milanovic,2.5,0.0,3.0,22.0
Mohamed Al Smaail,2.0,0.5,1.5,21.5
Mohamed Maarouf Eid Mansour,3.5,0.5,1.5,34.5
Mustapha Ghorbal,3.5,0.0,3.5,29.0
"Nagamine, Koki",2.5,0.0,4.0,21.0
Natalie Simon,0.0,0.0,4.5,24.5
Nicolas Ramirez,5.0,0.0,2.5,22.0
"Nield, Tom",5.5,0.0,3.0,22.0
"Ohashi, Yusuke",2.5,0.0,2.5,25.0
Oleksiy Derevinskyi,2.0,0.0,3.5,17.0
Oliver Mackey,3.5,0.0,1.5,26.0
Oliver Yates,4.0,0.0,2.5,26.0
Omer Faruk Turtay,2.0,0.0,1.5,26.0
Pacifique Ndabihawenimana,4.5,0.0,2.5,23.5
Paolo Silvio Mazzoleni,2.5,0.0,2.0,
Paul Howard,1.0,0.0,2.5,25.5
Paulo Schleich Vollkopf,4.0,0.0,0.0,28.0
Paweł Szuta,7.5,0.0,2.0,22.0
"Pawson, Craig",3.0,0.0,3.0,18.5
"Peinado Aguirre, Yonatan",4.5,1.0,3.5,22.5
"Pereira Sampaio, Wilton",5.0,0.0,2.5,32.0
Peter Sippel,1.5,0.0,3.5,
Peter Waweru,7.0,0.0,2.5,34.0
Piotr Szypula,1.0,0.0,0.5,24.0
Piotr Urban,4.0,0.0,5.0,24.0
"Planes Terol, Maria Gloria",3.0,0.0,4.0,22.0
Puentes Leira,5.0,0.0,2.0,
Raed Ali Al-Zahrani,5.0,0.0,1.0,28.5
Razvan Neagra,1.0,0.0,3.0,23.0
Richard Eley,3.5,0.0,3.0,23.0
Roberto Perez Gutierrez,3.5,0.0,2.0,23.0
Samuel Uwikunda,4.0,0.5,2.0,31.5
"Sanchez Villalobos, Jose Antonio",6.5,0.0,3.5,26.0
Scott Jackson,2.0,0.0,3.5,27.0
Sebastian Stockbridge,3.0,0.0,2.5,23.0
"Sozza, Simone",3.5,0.0,2.0,19.5
Stephen Parkinson,4.0,0.0,4.5,17.0
"Sundell, Richard",3.5,0.0,3.5,22.0
"Sutani, Yuzo",1.5,0.0,2.0,20.5
Tamas Bognar,2.5,0.0,4.0,24.0
"Tanimoto, Ryo",2.5,0.0,1.5,21.5
"Taylor, Anthony",6.0,0.0,2.0,24.0
"Turkmen, Mehmet",1.5,0.0,1.5,27.0
"Turpin, Clement",4.0,0.0,5.0,25.0
"Vazquez, Rubiel",4.5,0.5,3.0,21.5
"Vergoote, Jasper",4.0,0.5,4.5,23.5
"Visser, Lawrence",2.0,0.0,3.5,24.0
Vitalijs Spasjonnikovs,2.5,0.0,1.5,
"von Mandach, Johannes",3.5,0.0,4.5,20.0
Wim Smet,3.5,0.0,1.0,26.5
Woo-Sung Kim,4.0,0.0,3.0,25.0
"Yamashita, Yoshimi",2.0,0.5,2.5,20.5
Abdou Ndiaye,0.0,0.0,0.0,27.0
Abdulla Ali Al-Marri,2.0,0.0,4.0,25.0
Abdullah Bugra Taskinsoy,8.0,0.0,2.0,29.0
Abigail Byrne,6.0,0.0,5.0,
"Abu Shaqara, Mohammed Nasser",3.0,0.0,4.0,24.0
"Aganovic, Adi",5.0,0.0,2.0,16.0
Ahmed Taleb,7.0,1.0,1.0,28.0
"Ai, Kun",4.0,0.0,3.0,25.0
"Ais Reig, Saul",3.0,0.0,6.0,25.0
"Aksu, Oguzhan",4.0,0.0,4.0,16.0
Alan Wiley,3.0,0.0,2.0,
"Alberola Rojas, Javier",3.0,0.0,3.0,29.0
Alejandro Clemente Ortuno,2.0,0.0,2.0,
Aleksander Koziel,0.0,1.0,8.0,35.0
Alexandre Aleman Perez,4.0,1.0,5.0,
Alfredo Ramo Andres,9.0,0.0,4.0,
Alhadi Allaou Mahamat,4.0,1.0,0.0,30.0
"Al-Harbi, Abdullah",4.0,0.0,2.0,28.0
"Alhunfush, Shukri",3.0,0.0,2.0,20.0
Alireza Faghani,0.0,0.0,6.0,27.0
Alisson Sidnei Furtado,8.0,0.0,3.0,31.0
"Allaerts, Michiel",2.0,0.0,3.0,18.0
"Allison, Sam",4.0,0.0,4.0,24.0
"Al-Owaidan, Abdullah",4.0,0.0,1.0,27.0
"Al-Qahtani, Ali",2.0,0.0,2.0,18.0
"Al-Rumaikhani, Ahmed Mohammed",3.0,0.0,2.0,25.0
"Alturais, Khalid Saleh",2.0,0.0,4.0,28.0
"Al-Turais, Khalid Saleh",5.0,0.0,2.0,17.0
Alvaro Canovas Garcia Villarubia,4.0,0.0,2.0,
Alvaro Rodriguez Recio,5.0,0.0,4.0,
Alyssa Pennington,0.0,0.0,1.0,28.0
Amaury Delerue,7.0,0.0,5.0,24.6
Andrea Gervasoni,5.0,0.0,3.0,
Andrea Zanotti,1.0,0.0,3.0,26.0
Andre Luiz Skettino Policarpo Bento,0.0,0.0,2.0,40.0
Andrew Humphries,6.0,0.0,5.0,19.0
Andrew Miller,2.0,0.0,2.0,
Angel Hernandez Lorenzo,0.0,0.0,6.0,25.0
Angelo Cervellera,2.0,0.0,4.0,
"Angoula, Gael",4.0,0.0,3.0,22.0
Ante Culina,0.0,0.0,3.0,
Anthony Diaz,1.0,1.0,2.0,22.0
Antoni Bandić,0.0,0.0,1.0,
Antonio Sanchez Sanchez,3.0,0.0,1.0,21.0
"Aragon Bautista, Augusto Bergelio",3.0,2.0,2.0,21.0
"Arasa, Nazareno",5.0,0.0,4.0,21.0
"Arcediano Monescillo, Damaso",6.0,2.0,1.0,35.0
Arnaud Baert,3.0,0.0,0.0,23.0
"Arreguin, Elijio",2.0,0.0,0.0,25.0
"Arslan, Yigit",4.0,1.0,4.0,22.0
Arthur Gomes Rabelo,6.0,0.0,2.0,28.0
"Arys, Karol",0.0,0.0,1.0,18.0
Asen Albayrak,6.0,0.0,4.0,26.0
Assad Nouhoum,5.0,0.0,2.0,28.0
Atsushi Kamimura,0.0,0.0,1.0,14.0
"Attwell, Stuart",7.0,0.0,3.0,20.0
"Ayroldi, Giovanni",4.0,0.0,2.0,26.0
"Aytekin, Deniz",6.0,0.0,3.0,18.0
"Azevedo Malheiro, Helder Miguel",8.0,0.0,5.0,35.0
"Backhouse, Anthony",1.0,0.0,2.0,13.0
"Badstubner, Florian",4.0,0.0,1.0,30.0
"Bastien, Benoit",5.0,0.0,3.0,30.0
"Bauermann, Gustavo Ervino",7.0,0.0,1.0,38.0
"Bazakos, Fotis",3.0,0.0,2.0,24.0
Ben Atkinson,4.0,0.0,4.0,31.0
Bence Csonka,0.0,0.0,1.0,
"Benitez, Carlos P.",7.0,0.0,6.0,24.0
"Benitez, Juan Gabriel",3.0,0.0,0.0,19.0
Benjamin Lepaysant,3.0,0.0,3.0,28.0
"Benkenstein Pinheiro, Jonathan",1.0,0.0,2.0,27.0
Ben McMaster,0.0,0.0,1.0,
Bernd Heynemann,4.0,0.0,2.0,
"Bestard Servera, Luis",5.0,0.0,6.0,15.0
"Betancur, Carlos",5.0,0.0,5.0,18.0
Blazej Syropiatko,2.0,0.0,2.0,0.0
"Boiko, Serhii",4.0,0.0,5.0,21.0
"Bollengier, Marc",3.0,0.0,4.0,18.0
"Bos, Alex",2.0,1.0,2.0,25.0
"Boterberg, Jan",6.0,1.0,3.0,21.0
"Bramall, Thomas",7.0,0.0,4.0,23.0
Brandon Stevis,4.0,0.0,4.0,39.0
"Braun, Robin",1.0,0.0,4.0,29.0
Brendan Roffet,0.0,1.0,4.0,13.0
"Brooks, John",6.0,0.0,2.0,28.0
Bruno Mota Correia,4.0,0.0,2.0,41.0
"Busquets Ferrer, Mateo",6.0,0.0,0.0,27.0
"Caceres Hernandez, Victor Alfonso",3.0,0.0,1.0,19.0
"Calin, Iulian",4.0,0.0,2.0,31.0
"Calvo Valentin, Elisabet",3.0,0.0,4.0,25.0
"Calzavara, Andrea",3.0,0.0,1.0,29.0
"Candancan, Matheus Delgado",7.0,0.0,3.0,32.0
Carly Shaw MacLaren,2.0,0.0,2.0,
"Carvalho, Helder",6.0,0.0,3.0,30.0
"Casagrande, Lucas",7.0,0.0,1.0,42.0
"Chae, Sang-Hyeop",5.0,0.0,5.0,22.0
"Chapman, Allen",7.0,0.0,1.0,19.0
Charles Breakspear,3.0,0.0,8.0,
"Chinkov, Volen Valentinov",2.0,0.0,2.0,21.0
"Choi, Cheol-Jun",8.0,0.0,7.0,24.0
"Choi, Hyun-Jae",5.0,0.0,1.0,35.0
Chrysovalantis Theouli,0.0,0.0,5.0,
"Clancy, Kevin",3.0,0.0,5.0,25.0
Claudio Gavillucci,6.0,0.0,4.0,
Clement Franklin Kpan,3.0,0.0,0.0,26.0
"Cordero Vega, Adrian",0.0,0.0,3.0,13.0
"Costa Verissimo, Fabio Jose",5.0,0.0,4.0,24.0
Craig Hicks,0.0,0.0,4.0,26.0
"Crezzini, Valerio",3.0,0.0,0.0,25.0
Cristian Ballweg,3.0,0.0,7.0,21.0
"Cuesta Arribas, Beatriz",2.0,0.0,4.0,12.0
"Dabanovic, Nikola",3.0,0.0,3.0,17.0
Dalibor Cerny,0.0,0.0,1.0,
Daniel Elder,0.0,0.0,1.0,18.0
Daniele Orsato,7.0,0.0,0.0,26.5
Daniele Perenzoni,0.0,0.0,4.0,27.0
Daniel Miranda Bolano,6.0,0.0,0.0,
Danilo Nikolic,0.0,0.0,4.0,
Daniyar Sakhi,0.0,0.0,5.0,
"Dankert, Bastian",2.0,0.0,2.0,16.0
Dario Bel,0.0,0.0,4.0,
"Daronco, Anderson",4.0,0.0,3.0,26.0
Darren Drysdale,3.0,0.0,4.0,17.0
"da Silva Machado, Braulio",6.0,0.0,2.0,27.0
David Lopez Jimenez,3.0,0.0,4.0,
David Roome,4.0,0.0,1.0,31.0
Dawid Wisniewski,0.0,0.0,3.0,
"De Armas, Mathias",4.0,0.0,2.0,19.0
"De Burgos Bengoechea, Ricardo",3.0,0.0,4.0,28.0
"De Carvalho Filho, Afro Rocha",10.0,0.0,3.0,32.0
Declan Brown,4.0,0.0,6.0,
"De Cremer, Wesli",5.0,0.0,6.0,25.0
"Delajod, Willy",5.0,0.0,2.0,21.0
"Del Mar, Lorena",5.0,0.0,3.0,24.0
"Demianchuk, Sergii",2.0,0.0,2.0,17.0
Derlis Benitez,4.0,1.0,2.0,15.0
"D Hondt, Lothar",5.0,0.0,2.0,18.0
"Diaz, Anthony",5.0,1.0,2.0,28.0
"Diaz de Mera Escuderos, Isidro",4.0,0.0,3.0,19.0
"Di Bello, Marco",3.0,0.0,2.0,26.0
"Dickinson, David",4.0,0.0,2.0,23.0
Diego Da Costa Cidral,7.0,0.0,3.0,32.0
"Dieperink, Rob",5.0,0.0,1.0,36.0
"Dimitrov, Dimitar",3.0,0.0,3.0,24.0
"Dingert, Christian",1.0,0.0,2.0,18.0
Direnc Tonusluoglu,0.0,0.0,3.0,28.0
Djindo Louis Houngnandande,3.0,1.0,4.0,20.0
"Domingues da Silva Narciso, Andre Filipe",10.0,1.0,1.0,40.0
"do Nascimento Magalhaes, Wagner",6.0,1.0,6.0,0.0
"Donohue, Matt",5.0,0.0,0.0,18.0
"Doughty, Leigh",2.0,0.0,1.0,13.0
"Drmic, Marijan",3.0,0.0,3.0,20.0
Duje Strukan,5.0,0.0,5.0,
Dumitri Muntean,9.0,0.0,3.0,7.0
Eddy Rosier,1.0,0.0,4.0,25.0
Edwin Van de Graaf,3.0,0.0,2.0,24.0
Eldorjan Hamiti,0.0,0.0,1.0,
Elliott Swallow,7.0,1.0,3.0,
Eric-Dominic Weisbach,4.0,0.0,0.0,24.0
"Espinosa Rios, Alicia",1.0,0.0,2.0,21.0
"Espinoza, Jordi",4.0,0.0,0.0,26.0
"Fabbri, Michael",3.0,0.0,0.0,21.0
Fabienne Michel,5.0,0.0,5.0,29.0
"Fahndrich, Lukas",1.0,0.0,2.0,20.0
"Falcon Perez, Yael",2.0,0.0,1.0,20.0
Faouzi Benchabane,5.0,0.0,3.0,30.0
Fatih Tokail,9.0,1.0,3.0,42.0
Federico Javier Saiz de Villares,12.0,0.0,2.0,
Felix Bickel,2.0,0.0,4.0,29.0
Felix Prigan,7.0,0.0,1.0,29.0
Felix Wagner,8.0,2.0,2.0,40.0
Felix Weller,2.0,1.0,2.0,34.0
"Fernandes Correia, Gustavo",4.0,1.0,4.0,34.0
"Fernandes Macedo, Carlos Andre",2.0,1.0,1.0,30.0
"Fernandez Firvida, Andrea",4.0,0.0,4.0,12.0
"Finnie, Will",0.0,0.0,4.0,18.0
"Fischer, Drew",6.0,0.0,5.0,25.0
Florent Batta,6.0,0.0,3.0,28.0
Florian Lechner,6.0,0.0,2.0,23.0
Florian Meyer,2.0,0.0,2.0,
Francisco Jose Ortega Herrera,11.0,0.0,2.0,
"Frankowski, Bartosz",2.0,0.0,2.0,17.0
"Frappart, Stephanie",6.0,0.0,6.0,18.0
"Fuentes Molina, Andres",6.0,1.0,2.0,28.0
"Garay, Cristian",2.0,0.0,2.0,19.0
"García, Katia",4.0,0.0,0.0,16.0
Georgi Minev,0.0,0.0,1.0,23.0
"Gerach, Timo",3.0,0.0,3.0,17.0
Gerasimos Germanakos,3.0,0.0,3.0,
"Gianforte, Nico",10.0,0.0,3.0,33.0
"Gidzhenov, Radoslav",3.0,0.0,0.0,
"Gil Manzano, Jesus",7.0,0.0,2.0,34.0
"Gil Soriano, Maria Eugenia",0.0,0.0,2.0,9.0
"Ginchev, Georgi",5.0,0.0,1.0,31.0
Giovanni Baccini,0.0,0.0,3.0,35.0
"Gobi, Joao Vitor",3.0,0.0,1.0,
"Goncalves Rodrigues, Anzhony Francisco",6.0,0.0,2.0,24.0
"Gonzalez Esteban, Jon Ander",3.0,0.0,3.0,24.0
"Gonzalez, Raquel Suarez",5.0,0.0,2.0,22.0
"Grebencharski, Marian",8.0,0.0,1.0,
"Gryckiewicz, Patryk",2.0,1.0,2.0,25.0
"Guerrero Alcivar, Guillermo Enrique",6.0,1.0,0.0,27.0
Guillermo Conejero Sanchez,1.0,0.0,3.0,
Guillermo Cueto Amigo,7.0,0.0,0.0,
"Guteva, Hristiyana",3.0,1.0,2.0,28.0
"Guzman Mansilla, Jose Luis",10.0,1.0,6.0,26.0
Hajrim Qovanaj,4.0,0.0,5.0,18.0
"Hallam, Farai",4.0,0.0,2.0,20.0
"Hartmann, Robert",3.0,0.0,3.0,16.0
"Hasova, Gurcan",5.0,0.0,2.0,31.0
Henrik Nalbandyan,0.0,0.0,3.0,
Herbert Fandel,4.0,0.0,3.0,
"Herczeg, Adam",3.0,0.0,6.0,18.0
"Hernandez Andrade, Karen",1.0,0.0,3.0,15.0
"Hernandez Gomez, Fernando",4.0,0.0,1.0,24.0
"Hernandez Hernandez, Alejandro Jose",4.0,0.0,6.0,21.0
"Hernandez, Lorenzo",2.0,0.0,4.0,36.0
"Herrera Hernandez, Alexis Adrian",5.0,0.0,3.0,29.0
Howard Webb,3.0,0.0,2.0,
"Huerta de Aza, Marta",3.0,0.0,1.0,24.0
"Huitron, Daniel Quintero",7.0,0.0,5.0,28.0
Huseyin Sanli,1.0,0.0,3.0,17.0
Hyun Jae Choi,5.0,0.0,5.0,30.0
Ian McNabb,0.0,0.0,4.0,15.0
Igor Stojcevski,0.0,0.0,4.0,
"Iida, Jumpei",5.0,1.0,4.0,24.0
"Ikeuchi, Akihiko",4.0,0.0,2.0,21.0
Ionela Alina Pesu,0.0,0.0,2.0,27.0
Isaac Searle,5.0,0.0,3.0,
Ishmael Barbara,0.0,0.0,3.0,
Iván Barton,6.0,0.0,1.0,25.0
Ivar Orri Kristjansson,0.0,0.0,4.0,
Ivo Nigel Mendez Chavez,1.0,0.0,2.0,16.0
Iwan Arwel Griffith,1.0,0.0,0.0,13.0
"Jablonski, Sven",2.0,0.0,4.0,16.0
Jacek Malyszek,2.0,0.0,1.0,25.0
Jack Taylor,0.0,0.0,2.0,
Jacob A. Sundberg,0.0,0.0,3.0,
Jacob Karlsen,0.0,0.0,1.0,
Jakob Kehlet,0.0,0.0,1.0,26.0
James Oldham,5.0,0.0,2.0,25.0
Jamie O'Connor,5.0,1.0,4.0,
Jarno Wienefeld,4.0,0.0,5.0,24.0
Javier Feres,9.0,0.0,1.0,26.0
"Johnson, Oscar",1.0,0.0,2.0,22.0
Jordi Espinoza,3.0,1.0,4.0,10.0
Jorge Tarraga Lajara,5.0,0.0,2.0,
Jose Da Silva,0.0,0.0,6.0,22.0
Jose Maria Sanchez Santos,5.0,0.0,5.0,34.0
Jose Mendonca da Silva Junior,6.0,2.0,2.0,23.0
José Omar Losantos,3.0,0.0,4.0,
Jun Shin Shin,9.0,0.0,2.0,28.0
Kajetan Kasprzyk,4.0,0.0,4.0,34.0
"Kamimura, Atsushi",2.0,0.0,2.0,18.0
"Kanagasingam, Anojen",1.0,0.0,3.0,15.0
"Karaoglan, Atilla",10.0,0.0,0.0,24.0
Karim Abed,2.0,0.0,2.0,20.0
"Kasahara, Hiroki",6.0,0.0,3.0,17.0
Keylor Herrera Villalobos,6.0,0.0,0.0,30.0
"Kim, Dae Yong",6.0,0.0,2.0,28.0
"Kim, Jong Hyeok",1.0,0.0,1.0,
"Kimura, Hiroyuki",3.0,0.0,3.0,21.0
"Kim, Woo-sung",6.0,0.0,5.0,
"Kirk, Thomas",2.0,0.0,4.0,29.0
"Kitchen, Andrew",3.0,0.0,5.0,23.0
Knut Kircher,5.0,0.0,2.0,
"Ko, Hyung-Jin",5.0,0.0,1.0,24.0
"Kolak, Batuhan",5.0,0.0,0.0,27.0
"Kolev, Kristiyan",1.0,1.0,1.0,
"Kooij, Joey",6.0,1.0,3.0,28.0
"Kos, Damian",7.0,0.0,3.0,27.0
"Kuzma, Lukasz",3.0,0.0,2.0,35.0
"Ladeback, Adam",1.0,0.0,4.0,27.0
Ladislav Szikszay,0.0,0.0,0.0,
Lahlou Benbraham,1.0,0.0,2.0,30.0
"Langford, Oliver",0.0,0.0,4.0,14.0
"La Penna, Federico",4.0,0.0,2.0,27.0
Lars Erbst,1.0,0.0,5.0,30.0
"Lasyk, Piotr",1.0,1.0,4.0,25.0
"Lauziere, Pierre-Luc",7.0,0.0,1.0,26.0
"Lax Franco, Salvador",5.0,0.0,4.0,24.0
"Ledda, Massimiliano",2.0,0.0,4.0,28.0
"Lee, Dong Jun",7.0,2.0,3.0,34.0
"Lee, Ryan",5.0,0.0,4.0,26.0
"Leonard, Thomas",5.0,1.0,2.0,21.0
Leonidas Exuzidis,4.0,0.0,3.0,29.0
Leo Simao Holanda,5.0,0.0,3.0,15.0
"Letexier, Francois",4.0,0.0,8.0,24.0
"Li, Haixin",5.0,0.0,1.0,28.0
"Lindhout, Allard",3.0,0.0,4.0,20.0
Lionel Jaffredo,7.0,0.0,1.0,
"Loayza, Byran",7.0,0.0,3.0,24.0
"Lopez, Derlis",5.0,0.0,2.0,23.0
"Lopez Osorio, Melissa",3.0,0.0,3.0,19.0
"Lopez Penuelas, Ismael Rosario",2.0,0.0,6.0,8.0
"Lopez Sanchez, Ivan Antonio",5.0,1.0,5.0,17.0
Lorena Del Mar Trujillano Gallardo,4.0,0.0,1.0,19.0
Luca Banti,5.0,0.0,1.0,
Luigi Agnolin,1.0,0.0,4.0,
Luis Enrique Morona Del Campo,6.0,1.0,3.0,
Lukas Benen,2.0,1.0,5.0,21.0
Lukasz Karski,0.0,0.0,4.0,29.0
"MacDermid, Matthew",1.0,0.0,3.0,29.0
Maciej Wegrzyk,1.0,0.0,4.0,20.0
"Madley, Andrew",4.0,0.0,4.0,20.0
"Madley, Robert",1.0,0.0,5.0,27.0
Maguielson Lima Barbosa,3.0,0.0,0.0,41.0
"Malec, Pawel",1.0,0.0,6.0,19.0
"Mallo Fernandez, Eder",7.0,0.0,3.0,30.0
"Ma, Ning",7.0,0.0,5.0,26.0
"Manschot, Jeroen",5.0,0.0,2.0,21.0
Manuel Garcia Gomez,3.0,0.0,1.0,
Manuel Pozueta Rodriguez,9.0,0.0,2.0,
"Maqedonci, Granit",4.0,0.0,1.0,21.0
Marcelo Ibanez Juarez,8.0,0.0,2.0,
"Marciniak, Szymon",4.0,0.0,5.0,18.0
Marc Philip Eckermann,11.0,0.0,1.0,30.0
"Maresca, Fabio",6.0,0.0,2.0,32.0
"Mariani, Maurizio",4.0,0.0,4.0,18.0
Maria Sole Ferrieri Caputi,5.0,0.0,3.0,28.0
"Marinelli, Livio",3.0,0.0,0.0,25.0
Mario Escobar,6.0,0.0,2.0,19.0
"Markov, Martin",3.0,1.0,3.0,20.0
"Marrufo, Jair Antonio",2.0,0.0,2.0,13.0
Martin Matoša,0.0,0.0,2.0,19.0
"Martin, Steve",4.0,0.0,4.0,17.0
Martin Woods,5.0,1.0,2.0,
"Massa, Davide",7.0,0.0,0.0,34.0
Massimo Busacca,4.0,0.0,2.0,
Mateusz Mastaj,2.0,0.0,3.0,26.0
"Matonte, Andres",2.0,0.0,2.0,20.0
"Mattsson, Erik",7.0,0.0,3.0,26.0
Max Burda,4.0,0.0,0.0,24.0
"Maza Gomez, Piero",6.0,2.0,2.0,20.0
Mehrez Melki,4.0,0.0,5.0,20.0
"Mendes de Salles Nascimento Filho, Fernando Antonio",6.0,0.0,4.0,30.0
"Mendonca da Silva Junior, Jose",6.0,1.0,0.0,29.0
"Mendoza, Rosendo",3.0,0.0,2.0,26.0
"Menendez Laos, Augusto Alfredo",1.0,0.0,5.0,26.0
Messie Jessie Oved Nkounkou,6.0,0.0,1.0,24.0
Michael Bacher,5.0,1.0,4.0,26.0
Michael Barlow,4.0,0.0,5.0,20.0
Michael Riley,2.0,0.0,2.0,
Michael Venne,0.0,0.0,3.0,31.0
Michel Vautrot,3.0,0.0,2.0,
Mickael Leleu,6.0,0.0,6.0,28.0
Mihail Sebastian Lastun,5.0,0.0,5.0,17.0
Mihaly Kapraly,0.0,0.0,0.0,
"Millot, Benoit",4.0,0.0,5.0,25.0
"Minev, Vasil",6.0,0.0,4.0,25.0
"Ming, Fu",1.0,0.0,4.0,13.0
Mitja Stegemann,3.0,0.0,2.0,14.0
"Mitrev, Ventsislav",7.0,1.0,2.0,
Mohammad Usman Aslam,0.0,0.0,0.0,
"Monteiro dos Santos, Fabiano",5.0,0.0,3.0,20.0
"Moschou, Dimitrios",3.0,0.0,7.0,29.0
"Mucera, Giuseppe",2.0,0.0,2.0,29.0
"Muniz Munoz, Carlos",6.0,0.0,5.0,35.0
"Muniz Ruiz, Alejandro",4.0,0.0,3.0,30.0
"Munuera Montero, Jose Luis",4.0,0.0,2.0,20.0
"Muresan, Sergui Claudiu",3.0,0.0,3.0,13.0
Murilo Ugolini Klein,0.0,0.0,3.0,22.0
Mustapha Kechaf,2.0,0.0,5.0,25.0
"Myc, Wojciech",6.0,0.0,1.0,30.0
"Nagtegaal, Marc",1.0,0.0,3.0,13.0
"Nakamura, Futoshi",1.0,0.0,4.0,15.0
Neale Barry,3.0,0.0,2.0,
"Nedyalkov Kirov, Todor",5.0,0.0,3.0,19.0
Nestor Holgueras Castellanos,4.0,0.0,3.0,
Niccolo Turrini,3.0,0.0,3.0,26.0
Nico Fuchs,4.0,0.0,9.0,24.0
Nicola Rizzoli,2.0,0.0,2.0,
Nicolas Rainville,2.0,0.0,1.0,
Nikolay Popnikolov,3.0,0.0,3.0,24.0
"Nyberg, Glenn",2.0,0.0,2.0,28.0
"Obrenovic, Rade",1.0,0.0,1.0,26.0
"Ojaos Valera, Alejandro",6.0,0.0,3.0,22.0
"Ojeda, David",5.0,0.0,2.0,17.0
"Oliveira da Silva, David Rafael",5.0,0.0,1.0,40.0
"Oliver, Michael",4.0,0.0,1.0,26.0
Ondrej Berka,3.0,0.0,1.0,25.0
"Oostrom, Ingmar",0.0,0.0,5.0,15.0
"Orellana Cid, Manuel Jesus",7.0,0.0,0.0,33.0
"Ortega Jaimes, Carlos Arturo",7.0,1.0,2.0,19.0
"Ortega, Kevin",5.0,0.0,2.0,27.0
"Ortiz Arias, Miguel Angel",4.0,0.0,3.0,24.0
"Osmers, Harm",3.0,0.0,2.0,24.0
"Ospina Londono, Jhon Alexander",3.0,0.0,2.0,27.0
"Ostojich, Esteban",8.0,0.0,1.0,25.0
"Palencia Caballero, Daniel",4.0,0.0,3.0,25.0
Paolo Tagliavento,5.0,0.0,5.0,
Paolo Valeri,4.0,0.0,3.0,31.0
"Papapetrou, Anastasios",10.0,0.0,1.0,33.0
"Paradis, Guillaume",5.0,0.0,2.0,24.0
"Park, Byung jin",4.0,1.0,1.0,
"Parsons, Thomas",8.0,0.0,2.0,22.0
Patrice Tanguy Mebiame,3.0,0.0,4.0,30.0
Patrick Alt,10.0,0.0,6.0,42.0
Patrick Schwengers,3.0,0.0,3.0,16.0
Patrik Kolarić,0.0,0.0,3.0,
Patryk Swierczek,5.0,0.0,1.0,23.0
Paulo Belence Alves Dos Prazeres Filho,0.0,0.0,4.0,28.0
Pavle Ilic,0.0,0.0,0.0,
Pawel Horozaniecki,4.0,0.0,7.0,0.0
Pawel Wrzeszczynski,1.0,0.0,2.0,23.0
"Pelaez Arnillas, Elena",5.0,0.0,3.0,12.0
"Penso, Christopher",8.0,0.0,5.0,25.0
"Penso, Tori",5.0,0.0,3.0,19.0
"Pereira de Lima, Rodrigo Jose",4.0,0.0,3.0,24.0
"Pereira Vasconcelos, Bruno",4.0,0.0,1.0,24.0
"Perez Gutierrez, Roberto",4.0,0.0,3.0,19.0
"Perez Hernandez, Manuel Angel",9.0,1.0,1.0,32.0
"Perez Villalobos, Salvador",1.0,1.0,3.0,20.0
"Pesu, Ionela Alina",6.0,0.0,4.0,32.0
Petar Mitrev,5.0,0.0,4.0,23.0
"Petersen, Martin",3.0,0.0,7.0,24.0
Peter Wright,4.0,0.0,4.0,
"Pezzuto, Ivano",3.0,0.0,0.0,24.0
Philip Farrugia,0.0,0.0,4.0,
Pierre Gaillouste,4.0,0.0,8.0,26.0
Pierre Legat,4.0,1.0,3.0,35.0
Pierry Dias dos Santos,9.0,0.0,4.0,34.0
"Pignard, Jeremie",4.0,0.0,3.0,23.0
"Pinheiro, Joao Pedro",1.0,0.0,1.0,17.0
Piotr Pazdecki,4.0,0.0,1.0,36.0
Pol Arenas Mora,10.0,1.0,2.0,
"Policarpo Bento, Andre Luis Skettino",6.0,0.0,5.0,28.0
"Polychronis, Fotios",4.0,0.0,6.0,31.0
"Popov, Nikola",5.0,0.0,3.0,
"Qovanaj, Hajrim",4.0,0.0,4.0,16.0
"Quintero Gonzalez, Alejandro",9.0,0.0,3.0,29.0
"Quirarte Contreras, Abraham de Jesus",7.0,0.0,3.0,33.0
"Raczkowski, Pawel",3.0,0.0,3.0,17.0
Rafal Szydelko,5.0,0.0,3.0,15.0
"Ramirez, Maximiliano",3.0,1.0,2.0,15.0
Raquel Solano Suarez,4.0,0.0,2.0,24.0
"Rechatiko Horn, Lucas Guimaraes",9.0,0.0,1.0,34.0
Remi Landry,3.0,0.0,7.0,18.0
"Reynoso Arce, Vicente Jassiel",5.0,0.0,4.0,22.0
"Ricardo, Ruebyn",3.0,0.0,4.0,25.0
Richard Hempel,4.0,0.0,1.0,20.0
"Rivas, Victor",9.0,0.0,3.0,30.0
Robert Constantin Avram,0.0,0.0,3.0,25.0
Robert Helies,1.0,0.0,2.0,
Robert Kampka,6.0,0.0,5.0,16.0
Robert Massey-Ellis,4.0,0.0,1.0,
"Robertson, Don",7.0,1.0,3.0,25.0
Robert Styles,0.0,1.0,2.0,
"Rodrigues de Souza, Flavio",9.0,1.0,4.0,32.0
"Roldan Perez, Wilmar Alexander",9.0,0.0,1.0,21.0
"Roman, George Catalin",5.0,0.0,2.0,20.0
Roman Jitari,0.0,0.0,2.0,
"Roque Baixinho, Ricardo Jorge Antunes",5.0,2.0,4.0,22.0
Ross Martin,3.0,0.0,2.0,
Ruben Ruiperez Marin,2.0,0.0,4.0,
Rustam Lutfullin,4.0,0.0,0.0,20.0
"Sacchi, Juan Luca",0.0,0.0,5.0,19.0
Samir Zolota,0.0,0.0,3.0,25.0
Sam Mulhall,8.0,1.0,3.0,
"Sampaio, Savio Pereira",5.0,1.0,3.0,22.0
"Sanchez Lopez, Rafael",1.0,1.0,3.0,17.0
"Sanchez Martinez, Jose Maria",2.0,1.0,3.0,35.0
"Sanchez Miguel, Ylenia",4.0,0.0,3.0,24.0
Sandi Putros,0.0,0.0,2.0,
"San, Fedayi",6.0,0.0,4.0,31.0
"Santander Aguirre, Luis Enrique",2.0,0.0,6.0,20.0
Santiago Jaime Latre,5.0,0.0,3.0,23.0
"Sars, Joakim",3.0,0.0,2.0,28.0
Sayat Karabaev,0.0,0.0,2.0,
"Scharer, Sandro",3.0,0.0,9.0,18.0
"Schlager, Daniel",5.0,0.0,4.0,16.0
"Schnyder, Urs",5.0,0.0,3.0,35.0
"Schroder, Robert",6.0,0.0,3.0,29.0
"Seol, Tae-Hwan",4.0,0.0,5.0,
Sergey Karasev,2.0,0.0,5.0,10.0
"Sesma Espinosa, Miguel",8.0,0.0,2.0,29.0
Shamirah Nabadda,4.0,0.0,1.0,39.0
Shaun Evans,2.0,0.0,1.0,23.0
"Shiino, Daichi",3.0,0.0,2.0,19.0
"Shimizu, Hayato",2.0,0.0,2.0,13.0
"Shin, Jun Shin",5.0,0.0,5.0,30.0
"Siebert, Daniel",2.0,0.0,4.0,14.0
Siegfried Kirschen,4.0,0.0,3.0,
Simovic Novak,0.0,0.0,3.0,
"Smet, Wim",3.0,0.0,3.0,21.0
"Smith, Josh",4.0,0.0,3.0,25.0
"Smith, Lewis",5.0,0.0,3.0,20.0
"Song, Min-Seok",2.0,0.0,2.0,
"Soto Grado, Cesar",3.0,0.0,2.0,18.0
Spiros Zabalas,2.0,1.0,0.0,28.0
"Stalev, Denislav",3.0,0.0,2.0,20.0
"Stefanski, Daniel",5.0,0.0,1.0,25.0
"Stegemann, Sascha",4.0,1.0,6.0,27.0
Stéphane Jochem,4.0,0.0,4.0,
Steven Copeland,8.0,0.0,2.0,
Steven Madrigal,2.0,0.0,4.0,17.0
"Stevis, Brandon",1.0,0.0,5.0,32.0
"Stieler, Tobias",4.0,1.0,0.0,16.0
"Stoyanov, Georgi",3.0,0.0,3.0,31.0
Sylwester Rasmus,0.0,0.0,3.0,28.0
"Sylwestrzak, Damian",6.0,0.0,2.0,34.0
Szymon Lezny,4.0,0.0,2.0,22.0
Szymon Rutkowski,2.0,0.0,3.0,26.0
Takafumi Mikuriya,0.0,0.0,4.0,23.0
"Takasaki, Koji",0.0,0.0,5.0,18.0
"Tang, Shunqi",6.0,1.0,4.0,26.0
"Taskinsoy, Abdullah Bugra",1.0,0.0,2.0,20.0
"Tejera, Gustavo",2.0,0.0,2.0,28.0
Thaillan Azevedo Gomes,7.0,1.0,0.0,35.0
"Tierney, Paul",4.0,1.0,2.0,22.0
Tifenn Leprodhomme,5.0,0.0,1.0,29.0
Timo Gansloweit,7.0,0.0,2.0,32.0
Todor Vukov,0.0,0.0,4.0,25.0
Tomasz Wajda,6.0,0.0,2.0,26.0
Tom Bauer,3.0,1.0,3.0,29.0
Tom Owen,0.0,0.0,1.0,
"Toner, Ben",4.0,0.0,2.0,20.0
"Tong, Ren",3.0,0.0,4.0,22.0
Tony Chapron,4.0,0.0,0.0,
"Torezin, Lucas Paulo",7.0,0.0,1.0,29.0
"Torres, Marcio",6.0,0.0,3.0,22.0
"Torres Ramalho, Pedro Miguel",4.0,0.0,2.0,23.0
"Touchan, Ramy",8.0,0.0,1.0,33.0
"Tsakalidis, Alexandros",6.0,0.0,2.0,29.0
"Tsimenteridis, Stavros",7.0,0.0,0.0,38.0
"Turtay, Omer Faruk",3.0,0.0,5.0,28.0
"Tzilos, Athanasios",2.0,0.0,3.0,25.0
"Ueda, Masuya",2.0,0.0,2.0,17.0
Valentin Stanchev,0.0,0.0,1.0,22.0
"Valenzuela, Jesus",4.0,0.0,3.0,22.0
"Van de Graaf, Edwin",3.0,1.0,3.0,16.0
"van der Eijk, Sander",2.0,0.0,5.0,20.0
"van der Laan, Jannick",1.0,0.0,2.0,28.0
"Vargas Carreno, Gery Anthony",5.0,0.0,1.0,14.0
"Vejar, Fernando",3.0,0.0,3.0,17.0
"Velikov, Martin",3.0,0.0,2.0,22.0
"Venne, Michael",4.0,0.0,2.0,23.0
"Verbeke, Bert",2.0,1.0,3.0,29.0
"Vernice, Mathieu",8.0,0.0,1.0,22.0
Victor José Esquinas Torres,0.0,1.0,2.0,
"Vidican, Rares George",6.0,0.0,1.0,23.0
Viktor Kassai,2.0,0.0,4.0,
Viktor Kopievskiy,0.0,0.0,5.0,
Visar Kastrati,0.0,0.0,3.0,
"Vos, Martijn",4.0,0.0,4.0,21.0
"Walsh, Nick",5.0,0.0,1.0,32.0
Walter Lopez,2.0,0.0,0.0,21.0
"Wattellier, Eric",4.0,0.0,4.0,13.0
Wayne Cartmel,2.0,0.0,5.0,
"Webb, David",2.0,0.0,4.0,22.0
"Welz, Tobias",4.0,0.0,5.0,19.0
Wilfried Bien,5.0,0.0,1.0,
"Willenborg, Frank",5.0,0.0,6.0,13.0
William Davis,7.0,0.0,2.0,
"Wolfensberger, Sven",4.0,1.0,2.0,22.0
Wolfgang Haslberger,3.0,0.0,4.0,29.0
"Wolf, Victor",1.0,0.0,3.0,23.0
"Xiangkun, Meng",9.0,1.0,2.0,38.0
Yender Herrera,3.0,0.0,2.0,27.0
Yusuke Araki,2.0,0.0,5.0,27.0
"Zanovelli da Silva, Paulo Cesar",4.0,0.0,3.0,18.0
"Zhang, Lei",0.0,0.0,6.0,16.0
"Zhu, Wenbin",4.0,0.0,4.0,31.0
"Zwayer, Felix",1.0,0.0,2.0,13.0
"Ferreira Da Cruz, Yuri Elino",,,,
"Guida, Marco",,,,
Pablo Gonzalez,4.56,0.21,2.72,27.91
Jorge Figueroa,4.14,0.21,2.12,27.21
Valentin Pizarro,4.05,0.32,3.18,23.47
Benjamin Cortus,4.55,0.1,3.05,25.48
David Coote,4.2,0.11,2.56,23.23
Graham Scott,3.38,0.16,2.75,20.8
Rebecca Welch,4.71,0.14,2.0,21.52
Andre Marriner,2.86,0.09,3.28,18.27
Jonathan Moss,2.96,0.12,2.92,19.53
Mike Dean,3.78,0.18,2.65,21.18
Martin Atkinson,2.62,0.11,3.04,18.9
Kevin Friend,3.16,0.13,2.89,20.38
Antonio Giua,4.72,0.19,3.09,24.91
Alessandro Prontera,4.04,0.2,3.19,26.42
Gianluca Aureliano,4.36,0.23,2.75,27.55
Francesco Cosso,5.38,0.27,2.4,25.69
Davide Ghersini,3.43,0.19,2.47,23.14
Marco Monaldi,5.76,0.18,4.0,32.18
Daniele Rutella,5.22,0.28,2.0,28.0
Alberto Santoro,4.82,0.11,2.17,26.25
Marco Serra,5.29,0.29,3.43,25.71
Manuel Volpi,5.33,0.17,3.09,30.67
Giacomo Camplone,4.0,0.5,3.0,26.5
Daniele Minelli,6.0,0.0,3.0,27.2
Daniele Paterna,6.5,1.0,3.0,30.0
Francesco Meraviglia,5.0,0.0,2.0,26.5
Valerio Marini,5.5,0.0,3.5,28.5
Lorenzo Maggioni,5.25,0.25,2.33,29.0
Antonio Di Martino,3.0,0.0,4.0,26.0
Matteo Gariglio,5.5,0.0,3.0,25.0
Gianpiero Miele,4.0,0.0,1.0,27.0
Victor Acosta, 3.8, 0.2, 3.0, 24.0
Juan Pulido, 4.5, 0.1, 2.5, 22.0
Jason Hsu, 4.0, 0.3, 3.5, 26.0
Robert Schörgenhofer, 5.0, 0.0, 2.0, 28.0
Sunny Singh, 4.2, 0.1, 3.0, 25.0
Hugo Miguel, 4.0, 0.0, 3.0, 27.0
Vitor Ferreira Fernandes, 4.5, 0.2, 2.5, 24.0
Niccolo Baroni, 4.0, 0.0, 3.0, 26.0